source_wave,variable,label
Wave2,country,Country Code
Wave2,idnumber,Interview Numbers
Wave2,level3,Urban-rural
Wave2,q1,How would you rate the overall economic condition of our country today?
Wave2,q2,How would you describe the change in the economic condition of our country over the last years?
Wave2,q3,What do you think will be the state of our country's economic condition a few years from now?
Wave2,q4,"As for your own family, how do you rate your economic situation today?"
Wave2,q5,How would you compare the current economic condition of your family with what it was a few years ago?
Wave2,q6,What do you think the economic situation of your family will be a few years from now?
Wave2,q7,Trust in Prime Minister or president
Wave2,q8,Trust in the Courts
Wave2,q9,Trust in the national government
Wave2,q10,Trust in Political parties
Wave2,q11,Trust in Parliament
Wave2,q12,Trust in Civil service
Wave2,q13,Trust in the military(or armed forces)
Wave2,q14,Trust in the police
Wave2,q15,Trust in local government
Wave2,q16,Trust in newspaper
Wave2,q17,Trust in television
Wave2,q18,Trust in the election commission(Singapore: International TV)
Wave2,q19,Trust in NGOs
Wave2,q20,Are you a member of any organization or formal groups?
Wave2,fgnum,Number of formal group
Wave2,q20_1,First organization
Wave2,q20_2,Second organization
Wave2,q20_3,Third organization
Wave2,q23,"General speaking, would you say ""Most people can be trusted"" or ""that you must be very careful""?"
Wave2,q24,How much trust do you have in your relatives?
Wave2,q25,How much trust do you have in your neighbors?
Wave2,q26,How much trust do you have in other people you interact with?
Wave2,q27,"On average, about how many people do you have contact with in a typical week day?"
Wave2,q28,How often are you asked to help influence important decisions in other people's favor?
Wave2,q29,And are there people you could ask to help influence important decisions in your favor?
Wave2,q30,"Do you agree or disagree with the following statement: By helping people in trouble today, someone else will help me when I am in trouble someday."
Wave2,q31,Would you have a hard time conversing with your friends or co-workers about politics if you had differing opinions?
Wave2,q32,"Generally speaking, how safe is living in this city/town/village?"
Wave2,q33,"Compared to the situation in this city/town/village a few years ago, do you feel more safe, less safe or the same as before?"
Wave2,q34,"Have you been a victim of car, motorcycle or bicycle theft?"
Wave2,q35,Have you been a victim of pick-pocketing/robbery of personal property?
Wave2,q36,Have you been a victim of break-in at your home?
Wave2,q37,Have you been a victim of physical violence?
Wave2,q38,Have you voted in the last election?
Wave2,q39,Which parties (or candidates for president if it was presidential race) did you vote for?
Wave2,q39a,If the respondent voted for the winning camp or loosing camp?
Wave2,q40,Attend a campaign meeting or rally
Wave2,q41,Try to persuade others to vote for a certain candidate or party
Wave2,q42,Did you do anything else to help out or work for a party or candidate running in the election
Wave2,q43,"On the whole, how would you rate the freeness and fairness of the last national election?"
Wave2,q44,How easy is it to obtain: An identity document
Wave2,q45,How easy is it to obtain: A place in public primary school for a child
Wave2,q46,How easy is it to obtain: Medical treatment at a nearby clinic
Wave2,q47,How easy is it to obtain: Help from the police when you need it
Wave2,q48,How would you describe the present political situation in our country
Wave2,q49,How interested would you say you are in politics
Wave2,q50,How often do you follow news about politics and government
Wave2,q51_1,Main source of information. Question 51.01 Television
Wave2,q51_2,Question 51.02 Newspaper
Wave2,q51_3,Question 51.03 Radio
Wave2,q51_4,Question 51.04 Internet
Wave2,q51_5,Question 51.05 Cell phone short message (SMS)
Wave2,q51_6,Question 51.06 Personal contact
Wave2,q51_7,Question 51.07 Other
Wave2,q51_8,Magazine
Wave2,q51a,From Q51 Which is most important
Wave2,q52,"When you get together with your family members or friends, how often do you discuss political matters?"
Wave2,q53,How much impact do you feel government politics have on your daily life?
Wave2,q54,"Among the political parties listed here, which party if any do you feel closest to?"
Wave2,q55,How close do you feel to the party(answer in Q54)?
Wave2,q56,"Even if parents' demands are unreasonable, children still should do what they ask"
Wave2,q57,"Being a student, one should not question the authority of their teacher"
Wave2,q58,"When one has conflict with a neighbor, the best way to deal with it is to accommodate the other person"
Wave2,q59,A person should not insist on his own opinion if his co-workers disagree with him
Wave2,q60,"For the sake of the family, the individual should put his personal interests second"
Wave2,q61,Sometimes one has to follow one's own beliefs regardless of what other people think
Wave2,q62,"When dealing with others, securing one's immediate interests should be more important than developing a long-term"
Wave2,q63,Open quarrels (criticisms) among politicians are harmful to society
Wave2,q64,The relationship between the government and the people should be like that between parents and children
Wave2,q65,People should always support the decisions of their government even if they disagree with them
Wave2,q66,How often do you use the internet?
Wave2,q67,How closely do you follow major events in foreign countries/the world?
Wave2,q68,"Have you traveled abroad before? If you have, how often do you travel abroad?"
Wave2,q69,How often do you have personal contact with foreigners?
Wave2,q70,We should give up gains in the present for the possibility of larger gains in the future
Wave2,q71,Conflict among political groups is not a bad thing for our country
Wave2,q72,"If a government policy serves the interests of the majority of people, I should support it"
Wave2,q73,The best way to deal with complicated political issues should be to leave them to the future
Wave2,q74,Political reform should be introduced little-by-little instead of all-at-once
Wave2,q75,Cruel criminals should be punished immediately without regard to time-consuming legal processes
Wave2,q76,"For the sake of the national community/society, the individual should be prepared to sacrifice"
Wave2,q77,The most important thing for political leaders is to accomplish their goals even if they have to ignore the established procedure
Wave2,q78,"If possible, I don't want to get involved in political matters"
Wave2,q79,Contacted government (administrative) official
Wave2,q80,Contacted officials at higher level
Wave2,q81,Contacted elected officials or legislative representatives at any level
Wave2,q82,Contacted officials of political parties or other political organizations
Wave2,q83,Contacted representative of non-government/civil society organizations
Wave2,q84,Contacted traditional leaders/community leaders (IN: Mass media; TW/HK: Acquaintances in the government)
Wave2,q85,Contacted other influential people
Wave2,q86,Refused to pay taxes or fees to the government
Wave2,q87,Got together with others to raise an issue or sign a petition
Wave2,q88,Attended a demonstration or protest march
Wave2,q89,Used force or violence for a political cause
Wave2,q90,"Thinking of whether you voted or not ever since you became eligible for voting, how would you describe yourself-have you voted"
Wave2,q91_1,"To you, what does ""democracy"" mean?  What else?"
Wave2,q91_2,Second Response
Wave2,q91_3,Third Response
Wave2,q92,People often differ in their views on the characteristic that is essential to democracy. If you have to choose only one of the things
Wave2,q93,"On the whole, how satisfied or dissatisfied are you with the way democracy works in [country]?"
Wave2,q94,In your opinion how much of a democracy is [country]?
Wave2,q95,Where would you place our country during the period of [the name of the most recent government under authoritarian rule]?
Wave2,q96,Where would you place our country under the present government?
Wave2,q97,To what extent would you want our country to be democratic now?
Wave2,q98,Which would you think democracy is suitable for our country?
Wave2,q99,How satisfied or dissatisfied are you with the [name of present] government?
Wave2,q100,"In your opinion, what are the most important questions facing the country that government should address?"
Wave2,q101,Second Response
Wave2,q102,Third Response
Wave2,q102a,How likely is it that the government will solve the most important problem you identified?
Wave2,q103,People have the power to change a government they don't like
Wave2,q104,Our current courts always punish the guilty even if they are high-ranking officials
Wave2,q105,Political parties or candidates in our country have equal access to the mass media during the election period
Wave2,q106,"Between elections, the people have no way of holding the government responsible for its actions"
Wave2,q107,"When the government breaks the laws, there is nothing the legal system can do"
Wave2,q108,Everyone is treated equally by the government
Wave2,q109,"People have basic necessities like food, clothes, and shelter"
Wave2,q110,People are free to speak what they think without fear
Wave2,q111,People can join any organization the like without fear
Wave2,q112,How often do government officials withhold important information from the public view?
Wave2,q113,How often do national government officials abide by the law? (HK: Hong Kong government)
Wave2,q114,How often do your think our elections offer the voters a real choice between different parties/candidates?
Wave2,q115,To what extent is the legislature capable of keeping the government in check?
Wave2,q116,How well do you think the government responds to what people want?
Wave2,q117,How widespread do you think corruption and bribe-taking are in your local/municipal government?
Wave2,q118,How widespread do you think corruption and bribe-taking are in the national government?
Wave2,q119,Have you or anyone you know personally witnessed an act of corruption or bribe-taking by a politician or government official in the past year?
Wave2,q119_1,119_1 Personally witnessed
Wave2,q119_2,119_2 Told about it by family member
Wave2,q119_3,119_3 Told about it by friend
Wave2,q120,"In your opinion, is the government working to crackdown corruption and root out bribes?"
Wave2,q121,Which of the following statements comes closest to your own opinion?
Wave2,q122,Which of the following statements comes closer to your own view?
Wave2,q123,"If you had to choose between democracy and economic development, which would you say is more important?"
Wave2,q124,We should get rid of parliament and elections and have a strong leader decide things
Wave2,q125,Only one political party is allowed to stand for election and hold office
Wave2,q126,The army should come in to govern the country
Wave2,q127,I think I have the ability to participate in politics
Wave2,q128,Sometimes politics and government seems so complicated that a person like me can't really understand what is going on
Wave2,q129,"Whatever its faults may be, our form of government is still the best for us"
Wave2,q130,You can generally trust the people who run our government to do what is right (HK: Hong Kong government)
Wave2,q131,"Generally speaking, we can trust the local government officials to do the right things"
Wave2,q132,Which of these two statements comes closer to your own view
Wave2,q133,People with little or no education should have as much say in politics as highly-educated people
Wave2,q134,Government leaders are like the head of a family; we should all follow their decisions
Wave2,q135,The government should decide whether certain ideas should be allowed to be discussed in society
Wave2,q136,Harmony of the community will be disrupted if people organize lots of groups
Wave2,q137,"When judges decide important cases, they should accept the view of the executive branch"
Wave2,q138,"If the government is constantly checked by the legislature, it cannot possibly accomplish great things"
Wave2,q139,"If we have political leaders who are morally upright, we can let them decide everything"
Wave2,q140,"If people have too many different ways of thinking, society will be chaotic"
Wave2,q141,"When the country is facing a difficult situation, it is ok for the government to disregard the law in order to deal with the situation"
Wave2,q142,The government should maintain ownership of major state-owned enterprises
Wave2,q143,The local government should have more authority over local decisions than it does now
Wave2,q144,Our country should defend our way of life instead of becoming more and more like other countries
Wave2,q145,"In order to preserve social justice, the government should prevent the gap between rich and poor from growing any larger"
Wave2,q146,Our country should become more self-sufficient and less reliant on trade with other countries
Wave2,q147,Let us suppose that you had to choose between being a..... which of these do you feel most strongly attached to
Wave2,q148,These people should have the equal right to do whatever they want to do as other citizens
Wave2,q149,They should enjoy the same right as other citizens to vote in the election of the top leader
Wave2,q150,Their basic well-being should be taken care of by the government to the same extent as other citizens
Wave2,q151,A citizen who does not actively participate in the affairs of his local and national community is not performing his duties
Wave2,q152,"Citizens should always obey laws and regulations, even if they disagree with them"
Wave2,q153,"Do you agree or disagree with the following statement: ""A citizen should always remain loyal only to his country, no matter how imperfect"
Wave2,q154,How proud are you to be a citizen of [Country]
Wave2,q155,"Given the chance, how willing would you be to go and live in another country?"
Wave2,q156,Relation: The European Community or European Union
Wave2,q157,Relation: The United Nations or UN
Wave2,q158,Relation: International Monetary Fund or IMF
Wave2,q159,Relation: World Bank
Wave2,q160,Impression: The European Community or European Union
Wave2,q161,Impression: The United Nations or UN
Wave2,q162,Impression: International Monetary Fund or IMF
Wave2,q163,Impression: World Bank
Wave2,q164,Impression: United States
Wave2,q165,Impression: China
Wave2,q166,Impression: Japan
Wave2,se2,Gender
Wave2,se3a,Age
Wave2,se4,Marital Status
Wave2,se5,Education
Wave2,se5a,Years of formal education
Wave2,se6,Religion
Wave2,se7,Religiosity
Wave2,se7a,Would you describe yourself as very religious?
Wave2,se8a,How many people live in this household?
Wave2,se8b,How many generations of family members live in this household?
Wave2,se9,Monthly Household Income
Wave2,se9a,Does the total income of your household allow you to satisfactorily cover your needs?
Wave2,se10a,SE 10.1 Car/Jeep/Van
Wave2,se10b,SE 10.2 Tractor
Wave2,se10c,SE 10.3 Color or B/W Television
Wave2,se10d,SE 10.4 Cable Television
Wave2,se10e,SE 10.5 Scooter/Motorcycle/Moped
Wave2,se10f,SE 10.6 Telephone
Wave2,se10g,SE 10.7 Mobile Phone
Wave2,se10h,SE 10.8 Electric Fan/Cooler
Wave2,se10i,SE 10.9 Bicycle
Wave2,se10j,SE 10.10 Radio/Transistor
Wave2,se10k,SE 10.11 Pumping Set
Wave2,se10l,SE 10.12 Fridge
Wave2,se10m,SE 10.13 Camera
Wave2,se10n,SE 10.14 Goats/Sheep
Wave2,se10o,SE 10.15 Cows/Buffalo
Wave2,se11,What language do you speak the most in the Home?
Wave2,se12a,Main Occupation
Wave2,se12b,Respondent is also the chief wage earner?
Wave2,se13,Subjective Social Status
Wave2,ir2,Is this the first questionnaire interviewers have completed?
Wave2,ir2a,Interviewer's gender
Wave2,ir2b,Interviewer's age
Wave2,ir3,"In the interview, other than the respondents, were others present?"
Wave2,ir3a_1,Spouse
Wave2,ir3a_2,Children
Wave2,ir3a_3,Parents or parents in law
Wave2,ir3a_4,Neighbors/Passers by
Wave2,ir3a_5,Party/Government Official
Wave2,ir3a_6,Others
Wave2,ir4,Has the respondent ever refused to be interviewed during the whole process?
Wave2,ir5,Has the respondent ever felt impatient during the interview?
Wave2,ir6,How cooperative was the respondent during the interview?
Wave2,ir7,How sincere was the respondent when answering sensitive questions?
Wave2,ir8,What proportion of the questions do you feel the respondent had difficulty answering?
Wave2,ir9_1,Date of interview: month
Wave2,ir9_2,Date of interview: day
Wave2,ir9_3,Date of interview: year
Wave2,ir10a,Was the interview conducted with the assistance of an interpreter?
Wave2,ir12a,What is the condition of the road leading to the interviewee's residence?
Wave2,ir12b,Is tap water the main source of drinking water?
Wave2,ir12c,Is electricity the main source of lighting?
Wave2,ir12d,How far is it between the nearest public transportation stop and the respondent's house?
Wave2,ir13a,A.  Post-office
Wave2,ir13b,B.  School
Wave2,ir_ii13c,C.  Police station
Wave2,ir13d,D.  Sewerage system that most houses could access
Wave2,ir13e,E.  Health clinic
Wave2,ir13f,F.  Signal for cellular phone
Wave2,ir13g,"G.  Recreational facilities, e.g., a sports field"
Wave2,ir13h,"H.  Any churches, mosques, temples or other public places of worship"
Wave2,ir13i,I.  Any town halls or community buildings that can be used for meetings
Wave2,ir13k,K.  Market stalls (selling groceries and/or clothing)
Wave2,ir14,Which of the following levels within the country the respondent live?
Wave2,w_all,NULL
Wave2,wave,NULL
Wave3,country,Country Code
Wave3,idnumber,case number
Wave3,level3,urban-rural
Wave3,q1,q1. How would you rate the overall economic condition of our country today?  Is it …
Wave3,q2,q2. How would you describe the change in the economic condition of our country over the last few years
Wave3,q3,q3. What do you think will be the state of our country's economic condition a few years from now? Will it be …
Wave3,q4,"q4. As for your own family, how do you rate the economic situation of your family today?  Is it …"
Wave3,q5,q5. How would you compare the current economic condition of your family with what it was a few years ago? Is it …
Wave3,q6,q6. What do you think the economic situation of your family will be a few years from now? Will it be …
Wave3,q7,"q7. I'm going to name a number of institutions. For each one, please tell me how much trust do you have in them? The president"
Wave3,q8,q8. The courts
Wave3,q9,q9. The national government [in capital city]
Wave3,q10,q10. Political parties [not any specific party]
Wave3,q11,q11. Parliament
Wave3,q12,q12. Civil service
Wave3,q13,q13. The military(or armed forces)
Wave3,q14,q14. The police
Wave3,q15,q15. Local government
Wave3,q16,q16. Newspapers
Wave3,q17,q17. Television
Wave3,q18,q18. The election commission [specify institution by name] <Optional>
Wave3,q19,q19. Non-governmental organizations or NGOs <Optional>
Wave3,q20,q20. Could you identity the three most important organizations or formal groups you belong to. First Organization
Wave3,q21,q21. Second Organization
Wave3,q22,q22. Third Organization
Wave3,q23,"q23. General speaking, would you say that ""Most people can be trusted"" or ""that you must be very careful in dealing with people""?"
Wave3,q24,"q24. Do you think most people would try to take advantage of you if they got a chance, or would they try to be fair? (NEW)"
Wave3,q25,q25. How much trust do you have in each of the following types of people?   Your relatives
Wave3,q26,q26. Your neighbors
Wave3,q27,q27. Other people you interact with
Wave3,q28,"q28. On average, about how many people do you have contact with in a typical week day?  We are interested in contact on a one-on-one basis, including everyone with whom you chat, talk, or discuss matters.  This can be face to face, by telephone, by mail,"
Wave3,q29,"q29. If you have a difficult problem to manage, are there people outside your household you can ask for help? (NEW)"
Wave3,q30,"q30. When people outside your household have problems, do they come to you for help? (NEW)"
Wave3,q31,"q31. If you had friends or co-workers whose opinions on politics differed from yours, would you have a hard time conversing with them? (NEW)"
Wave3,q32,"q32. In talking to people about elections, we often find that a lot of people were not able to vote because they were away from home, they were sick or they just didn't have time. How about you? Did you vote in the election [the most recent national elect"
Wave3,q33,q33. Which parties (or candidates for president if it was presidential race) did you vote for? [country-specific response grid]
Wave3,q33a,"q33a. Based on the answer to Q33, please construct a new variable indicating if the respondent voted for the winning camp or losing camp."
Wave3,q34,"q34. Thinking about the national election in [year], did you attend a campaign meeting or rally?"
Wave3,q35,q35. try to persuade others to vote for a certain candidate or party?
Wave3,q36,q36. Did you do anything else to help out or work for a party or candidate running in the election?
Wave3,q37,"q37. On the whole, how free and fair would you say the last national election was? (NEW)"
Wave3,q38,"q38. Based on your experience, how easy or difficult is it to obtain the following services?  Or have you never tried to get these services from government?  An identity document (such as a birth certificate or passport)"
Wave3,q39,q39. A place in a public primary school for a child
Wave3,q40,q40. Medical treatment at a nearby clinic
Wave3,q41,q41. Help from the police when you need it
Wave3,q42,"q42. Generally speaking, how safe is living in this city/ town/ village - very safe, safe, unsafe or very unsafe?"
Wave3,q43,q43. How interested would you say you are in politics?
Wave3,q44,q44. How often do you follow news about politics and government?
Wave3,q45,q45. How often do you use the internet?
Wave3,q46,"q46. When you get together with your family members or friends, how often do you discuss political matters?"
Wave3,q47,"q47. Among the political parties listed here, which party if any do you feel closest to?"
Wave3,q48,"q48. How close do you feel to (answer in Q47)? Is it very close, somewhat close, or just a little close?"
Wave3,q49,"q49. Please tell me how you feel about the following statements. Would you say you strongly agree, somewhat agree, somewhat disagree, or strongly disagree? Most people are trustworthy?"
Wave3,q50,"q50. For the sake of the family, the individual should put his personal interests second"
Wave3,q51,"q51. In a group, we should sacrifice our individual interest for the sake of the group's collective interest."
Wave3,q52,"q52. For the sake of national interest, individual interest could be sacrificed."
Wave3,q53,"q53. When dealing with others, developing a long-term relationship is more important than securing one's immediate interest."
Wave3,q54,"q54. When dealing with others, one should not only focus on immediate interest but also plan for future."
Wave3,q55,"q55. Even if parents' demands are unreasonable, children still should do what they ask."
Wave3,q56,"q56. When a mother-in-law and a daughter-in-law come into conflict, even if the mother-in-law is in the wrong, the husband should still persuade his wife to obey his mother."
Wave3,q57,"q57. Being a student, one should not question the authority of their teacher."
Wave3,q58,"q58. In a group, we should avoid open quarrel to preserve the harmony of the group"
Wave3,q59,"q59. Even if there is some disagreement with others, one should avoid the conflict"
Wave3,q60,q60. A person should not insist on his own opinion if his co-workers disagree with him
Wave3,q61,"q61. Wealth and poverty, success and failure are all determined by fate."
Wave3,q62,"q62. If one could have only one child, it is more preferable to have a boy than a girl."
Wave3,q63,"q63. When dealing with others, one should not be preoccupied with temporary gains and losses."
Wave3,q64,"q64. In the past three (3) years, have you never, once, or more than once done the following because of personal, family, or neighborhood problems, or problems with government officials and policies?Contacted elected officials or legislative representativ"
Wave3,q65,q65. Contacted officials at higher level.
Wave3,q66,q66. Contacted traditional leaders/community leaders.
Wave3,q67,q67. Contacted other influential people outside the government
Wave3,q68,q68. Contacted news media
Wave3,q69,"q69. Here is a list of actions that people sometimes take as citizens. For each of these, please tell me whether you, personally, have never, once, or more than once done any of these things during the past three years.   Got together with others to try t"
Wave3,q70,q70. Got together with others to raise an issue or sign a petition
Wave3,q71,q71. Attended a demonstration or protest march
Wave3,q72,q72. Used force or violence for a political cause
Wave3,q73,"q73. Thinking of whether you voted or not ever since you became eligible for voting, how would you describe yourself -have you voted in every election, voted in most elections, voted in some elections or hardly ever voted?"
Wave3,q74,"q74. Let's talk for a moment about the kind of government you would like to have in this country, which of the followings statements do you agree with most? Choose the first or the second statement. [Interviewer: Probe whether respondent strongly agrees o"
Wave3,q74a,q74a. Do you strongly agree or just agree with the chosen statement?
Wave3,q75,"q75. Let's talk for a moment about the kind of government you would like to have in this country, which of the followings statements do you agree with most? Choose the first or the second statement. [Interviewer: Probe whether respondent strongly agrees o"
Wave3,q75a,q75a. Do you strongly agree or just agree with the chosen statement?
Wave3,q76,"q76. Let's talk for a moment about the kind of government you would like to have in this country, which of the followings statements do you agree with most? Choose the first or the second statement. [Interviewer: Probe whether respondent strongly agrees o"
Wave3,q76a,q76a. Do you strongly agree or just agree with the chosen statement?
Wave3,q77,"q77. Let's talk for a moment about the kind of government you would like to have in this country, which of the followings statements do you agree with most? Choose the first or the second statement. [Interviewer: Probe whether respondent strongly agrees o"
Wave3,q77a,q77a. Do you strongly agree or just agree with the chosen statement?
Wave3,q78,"q78. Let's talk for a moment about the kind of government you would like to have in this country, which of the followings statements do you agree with most? Choose the first or the second statement. [Interviewer: Probe whether respondent strongly agrees o"
Wave3,q78a,q78a. Do you strongly agree or just agree with the chosen statement?
Wave3,q79,"q79. Let's talk for a moment about the kind of government you would like to have in this country, which of the followings statements do you agree with most? Choose the first or the second statement. [Interviewer: Probe whether respondent strongly agrees o"
Wave3,q79a,q79a. Do you strongly agree or just agree with the chosen statement?
Wave3,q80,"q80. Over the long run, our system of government is capable of solving the problems our country faces."
Wave3,q81,"q81. Thinking in general, I am proud of our system of government."
Wave3,q82,"q82. A system like ours, even if it runs into problems, deserves the people's support."
Wave3,q83,q83. I would rather live under our system of government than any other that I can think of.
Wave3,q84,"q84. Compared with other systems in the world, would you say our system of government works fine as it is, needs minor change, needs major change, or should be replaced?"
Wave3,q85,"q85. Many things may be desirable, but not all of them are essential characteristics of democracy. If you have to choose only one from each four sets of statements that I am going to read, which one would you choose as the most essential characteristics o"
Wave3,q86,"q86. If you have to choose only one from each four sets of statements that I am going to read, which one would you choose as the most essential characteristics of a democracy?"
Wave3,q87,"q87. If you have to choose only one from each four sets of statements that I am going to read, which one would you choose as the most essential characteristics of a democracy?"
Wave3,q88,"q88. If you have to choose only one from each four sets of statements that I am going to read, which one would you choose as the most essential characteristics of a democracy?"
Wave3,q89,"q89. On the whole, how satisfied or dissatisfied are you with the way democracy works in [Country].  Are you …?"
Wave3,q90,q90. In your opinion how much of a democracy is [Country Name] ?
Wave3,q91,q91. Here is a scale: 1 means completely undemocratic and 10 means completely democratic. Where would you place our country under the present government?
Wave3,q92,q92. Where would you place our country ten years ago?
Wave3,q93,q93. Where would you want our country to be in the future?
Wave3,q94,"q94. Here is a similar scale of 1 to 10 measuring the extent to which people think democracy is suitable for our country. If ""1"" means that democracy is completely unsuitable for [name of country] today and ""10"" means that it is completely suitable, where"
Wave3,q95,"q95. How satisfied or dissatisfied are you with the [name of president, etc. ruling current] government?  Are you …?"
Wave3,q96,"q96. In your opinion, what are the most important problems facing this country that government should address?"
Wave3,q97,q97. How likely is it that the government will solve the most important problem you identified within the next five years? [Read out options]
Wave3,q98,"q98. Now I am going to read to you a list of statements that describe how people often feel about the state of affairs in [country name]. Please tell me whether you strongly agree, somewhat agree, somewhat disagree, or strongly disagree with each of these"
Wave3,q99,q99. Political parties or candidates in our country have equal access to the mass media during the election period.
Wave3,q100,"q100. Between elections, the people have no way of holding the government responsible for its actions."
Wave3,q101,"q101. When government leaders break the laws, there is nothing the court can do."
Wave3,q102,q102. Most citizens in our country don't make much effort to influence government decisions.
Wave3,q103,q103. All citizens from different ethnic communities in Country X are treated equally by the government.
Wave3,q104,q104. Rich and poor people are treated equally by the government.
Wave3,q105,"q105. People have basic necessities like food, clothes, and shelter."
Wave3,q106,q106. People are free to speak what they think without fear.
Wave3,q107,q107. People can join any organization they like without fear.
Wave3,q108,q108. Do officials who commit crimes go unpunished?
Wave3,q109,q109. How often do government officials withhold important information from the public view?
Wave3,q110,q110. How often do you think government leaders break the law or abuse their power?
Wave3,q111,q111.  How often do you think our elections offer the voters a real choice between different parties/candidates?
Wave3,q112,q112. To what extent is the legislature capable of keeping government leaders in check?
Wave3,q113,q113. How well do you think the government responds to what people want?
Wave3,q114,"q114. In your neighborhood or community, do people voice their interests and concerns in local affairs?"
Wave3,q115,q115. How much do you feel that having elections makes the government pay attention to what the people think?
Wave3,q116,q116. How widespread do you think corruption and bribe-taking are in your local/municipal government?  Would you say …?
Wave3,q117,q117. How widespread do you think corruption and bribe-taking are in the national government [in capital city]?  Would you say …?
Wave3,q118,"q118. In your opinion, is the government working to crack down on corruption and root out bribery?"
Wave3,q119,q119. Have you or anyone you know personally witnessed an act of corruption or bribe-taking by a politician or government official in the past year? IF WITNESSED: Did you personally witness it or were you told about it by a family member or friend who per
Wave3,q119_1,119_1 Personally witnessed
Wave3,q119_2,119_2 Told about it by family member
Wave3,q119_3,119_3 Told about it by friend
Wave3,q120,q120. Remember the scale that we used before: 1 means completely undemocratic and 10 means completely democratic. Where would you place China today on this scale?
Wave3,q121,q121. Where would you place the United States today on this scale?
Wave3,q122,q122. Where would you place Japan today on this scale?
Wave3,q123,q123. Where would you place India today on this scale?
Wave3,q124,q124. Which of the following statements comes closest to your own opinion?
Wave3,q125,q125. Which of the following statements comes closer to your own view?
Wave3,q126,"q126. If you had to choose between democracy and economic development, which would you say is more important?"
Wave3,q127,"q127. If you had to choose between reducing economic inequality and protecting political freedom, which would you say is more important?"
Wave3,q128,"q128. Do you agree or disagree with the following statement: ""Democracy may have its problems, but it is still the best form of government."""
Wave3,q129,"q129. There are many ways to govern a country. Would you disapprove or approve of the following alternatives? For each statement, would you say you strongly approve, approve, disapprove, or strongly disapprove? We should get rid of parliament and election"
Wave3,q130,q130. Only one political party should be allowed to stand for election and hold office.
Wave3,q131,q131. The army (military) should come in to govern the country.
Wave3,q132,q132. We should get rid of elections and parliaments and have experts make decisions on behalf of the people.
Wave3,q133,"q133. I have here some statements. For each statement, would you say you strongly agree, somewhat agree, somewhat disagree, or strongly disagree? I think I have the ability to participate in politics."
Wave3,q134,q134. Sometimes politics and government seems so complicated that a person like me can't really understand what is going on.
Wave3,q135,q135. People like me don't have any influence over what the government does.
Wave3,q136,q136. You can generally trust the people who run our government to do what is right.
Wave3,q137,"q137. A citizen should always remain loyal only to his country, no matter how imperfect it is or what wrong it has done."
Wave3,q138,"q138. I have here other statements. For each statement, would you say you strongly agree, somewhat agree, somewhat disagree, or strongly disagree? The government should consult religious authorities when interpreting the laws."
Wave3,q139,q139. Women should not be involved in politics as much as men.
Wave3,q140,q140. People with little or no education should have as much say in politics as highly-educated people.
Wave3,q141,q141. Government leaders are like the head of a family; we should all follow their decisions.
Wave3,q142,q142. The government should decide whether certain ideas should be allowed to be discussed in society.
Wave3,q143,q143. Harmony of the community will be disrupted if people organize lots of groups.
Wave3,q144,"q144. When judges decide important cases, they should accept the view of the executive branch."
Wave3,q145,"q145. If the government is constantly checked [i.e. monitored and supervised] by the legislature, it cannot possibly accomplish great things."
Wave3,q146,"q146. If we have political leaders who are morally upright, we can let them decide everything."
Wave3,q147,"q147. If people have too many different ways of thinking, society will be chaotic."
Wave3,q148,"q148. When the country is facing a difficult situation, it is ok for the government to disregard the law in order to deal with the situation."
Wave3,q149,q149. How closely do you follow major events in foreign countries / the world?
Wave3,q150,"q150. How often do you watch or listen to foreign programs (television, DVDs, movies, radio)?"
Wave3,q151,q151. Our country should defend our way of life instead of becoming more and more like other countries.
Wave3,q152,"q152. Do you agree or disagree with the following statement: ""We should protect our farmers and workers by limiting the import of foreign goods."""
Wave3,q153,"q153. Do you agree or disagree with the following statement: ""Foreign goods are hurting the local community."""
Wave3,q154,q154. How proud are you to be a citizen of (COUNTRY)?
Wave3,q155,"q155. Given the chance, how willing would you be to go and live in another country?"
Wave3,q156,q156. Which country has the most influence in Asia?
Wave3,q157,"q157. Does (answer in Q156) do more good or harm to the region? Ask Q157a if the answer in Q156 is not China, otherwise skip to Q158"
Wave3,q157a,q157a. Does China do more good or harm to the region?
Wave3,q157b,q157b. Does China do more good or harm to the region? (Whether the most influence country is China or not.)
Wave3,q158,"q158. In ten years, which country will have the most influence in Asia?"
Wave3,q159,q159. Which country should be a model for our own country's future development?
Wave3,q160,q160. How much influence does China have on our country?
Wave3,q161,"q161. General speaking, the influence China has on our country is?"
Wave3,se2,SE2. GENDER
Wave3,se3,SE3. BIRTH YEAR
Wave3,se3a,SE3a.ACTUAL AGE
Wave3,se4,SE4. MARITAL STATUS
Wave3,se5,SE5. EDUCATION
Wave3,se5a,SE5a. How many years of formal education you have received?
Wave3,se6,SE6. RELIGION
Wave3,se7,SE7. RELIGIOSITY: About how often do you practice religious services or rituals these days?
Wave3,se7a,"SE7a. Would you describe yourself as very religious, moderately religious, lightly religious, not religious at all?"
Wave3,se8a,SE8a. How many people live in this household?
Wave3,se8b,SE8b. How many generations of family members live in this household?
Wave3,se8c,"Actual count(INCLUDE servants, transients/boarders)"
Wave3,se8d,"Actual count(EXCLUDE servants, transients/boarders)"
Wave3,se9,SE9. Are you currently employed?(respondent)
Wave3,se9a,"SE9a. Are you currently self-employed (including business owners), working in a family business, or working for an outside emp"
Wave3,se9b,SE9b. How many people does your business employ?
Wave3,se9c,SE9c. What is your job title and job description?<The code number of ISCO>
Wave3,se9d,SE9d. Are you currently seeking employment?
Wave3,se9e,SE9e. What is your current status?
Wave3,se10,SE10. Are you the main earner in your household?(Chief wage earner)<Optional>
Wave3,se10_1,SE10_1. Is the main earner in your household currently employed?
Wave3,se10a,"SE10a. Is he or she currently self-employed (including business owners), working in a family business, or working for an outsid"
Wave3,se10b,SE10b. How many people do his or her business employ?
Wave3,se10c,SE10c. What is his or her job title and job description?<The code number of ISCO>
Wave3,se10d,SE10d. Is he or she currently seeking employment?
Wave3,se10e,SE10e. What is his or her current status?
Wave3,se11,SE11. LANGUAGE: What language do you speak the most in the home?
Wave3,se12,SE12. SUBJECTIVE SOCIAL STATUS
Wave3,se13,SE13. HOUSEHOLD INCOME
Wave3,se13a,SE13a. Does the total income of your household allow you to satisfactorily cover your needs?
Wave3,se14a,SE14a. Car/Jeep/Van
Wave3,se14b,SE14b. Tractor
Wave3,se14c,SE14c. Television
Wave3,se14d,SE14d. Cable Television
Wave3,se14e,SE14e. Motorcycle
Wave3,se14f,SE14f. Telephone
Wave3,se14g,SE14g. Mobile Phone
Wave3,se14h,SE14h. Electric Fan
Wave3,se14i,SE14i. Bicycle
Wave3,se14j,SE14j. Radio
Wave3,se14k,SE14k. Pumping Set
Wave3,se14l,SE14l. Fridge
Wave3,se14m,SE14m. Camera
Wave3,se14n,SE14n. Goats/Sheep
Wave3,se14o,SE14o. Cow/Buffalo
Wave3,ir1,IR1. Interviewer's number
Wave3,ir2,IR2. Is this the first questionnaire you have completed?
Wave3,ir2a,IR2a. Interviewer's gender
Wave3,ir2b,IR2b. Interviewer's Age
Wave3,ir2c,IR2c. What kind of language do you normally use at home?[Country-specific]
Wave3,ir3,"IR3. In the interview, other than the respondent, were others present?"
Wave3,ir3a,Who were they? (Multiple answers allowed)
Wave3,ir3a_1hk,	Respondent’s spouse
Wave3,ir3a_2hk,	Children
Wave3,ir3a_3hk,	Parents or parents-in-law
Wave3,ir3a_4hk,	Neighbors/Passers by
Wave3,ir3a_5hk,	Party/Government Official
Wave3,ir4,IR4. Has the respondent ever refused to be interviewed during the whole process?
Wave3,ir5,IR5. Has the respondent ever felt impatient during the interview?
Wave3,ir6,IR6. How cooperative was the respondent during the interview?
Wave3,ir7,IR7. How sincere was the respondent when answering sensitive questions?
Wave3,ir8,IR8. What proportion of the questions do you feel the respondent had difficulty answering?
Wave3,ir9,Date of Interview____(month)____(date)_2010_(year)
Wave3,ir10,IR10. Language in which interview was conducted
Wave3,ir10a,IR10a. Was the interview conducted with the assistance of an interpreter?
Wave3,ir11a,IR11a. What is the condition of the road leading to interviewee's residence?
Wave3,ir11b,IR11b. Please identify the main source of drinking water in the household?
Wave3,ir11c,IR11c. Is electricity the main source of lighting in the house?
Wave3,ir11d,"IR11d. In terms of walking distance, how far is it between the nearest public transportation stop (bus, train, ferry, tram, etc) and the respondent's house?"
Wave3,ir12,"IR12. Were the following services present within the neighborhood (i.e., within walking or easy driving distance).Estimate the distance of these services by:"
Wave3,ir12a,IR12a. Post-office
Wave3,ir12b,IR12b. School
Wave3,ir12c,IR12c. Police station
Wave3,ir12d,IR12d. Sewerage system that most houses could access
Wave3,ir12e,IR12e. Health clinic
Wave3,ir12f,IR12f. Signal for cellular phone
Wave3,ir12g,"IR12g. Recreational facilities, e.g., a sports field"
Wave3,ir12h,"IR12h. Any churches, mosques, temples or other public places of worship"
Wave3,ir12i,IR12i. Any town halls or community buildings that can be used for meetings
Wave3,ir12k,IR12k. Market stalls (selling groceries and/or clothing)
Wave3,ir13,IR13. Which of the following levels within the country the respondent live?
Wave3,allweight,individual country weight
Wave3,couweight,cross-country weight
Wave3,q129a,strong leader
Wave3,q130a,one poltical party
Wave3,q131a,army
Wave3,q141a,government leader
Wave3,q142a,certain ideas
Wave3,q143a,Harmony of the community
Wave3,q144a,judges
Wave3,q145a,checked by the legislature
Wave3,q146a,political leaders
Wave3,q147a,chaotic
Wave3,se3a_1a,age group
Wave3,q129a_q131a,sum of Q129a_q131a(reject all authoritarian options)
Wave3,q141a_q147a,average rejection of authoritarian values
Wave3,wave,NULL
Wave4,country,Country code
Wave4,year,Interview year
Wave4,month,Interview month
Wave4,idnumber,case number
Wave4,region,Region
Wave4,level,Rural or urban
Wave4,q1,1. How would you rate the overll economic condition of our country today?
Wave4,q2,2. How would you dsecribe the change in the economic condition of our country over the last few years?
Wave4,q3,3. What do you think will be the state of our country's economic condition a few years from now?
Wave4,q4,"4. As for your own family, how do you rate the economic situation of your family today?"
Wave4,q5,5. How would you compare the current economic condition of your family with what it was a few years ago?
Wave4,q6,6. What do you think the economic situation of your family will be a few years from now?
Wave4,q7,7 Trust in the excutive office (president or prime minister)
Wave4,q8,8 The courts
Wave4,q9,9 National government in the capital city
Wave4,q10,10 Political parties
Wave4,q11,11 Parliament
Wave4,q12,12 Civil service
Wave4,q13,13 The military
Wave4,q14,14 The police
Wave4,q15,15 Local government
Wave4,q16,16 Newspaper
Wave4,q17,17 Television
Wave4,q18,18 The election commission
Wave4,q19,19 Non-government organizations or NGOs
Wave4,fg,fg. Whether the respondent is a member of formal organization
Wave4,q20,20. Name of the organization you belong to. First
Wave4,q21,21. Name of the organization you belong to. Second
Wave4,q22,22. Name of the organization that you belong to. Third
Wave4,q23,"23 Would you say that ""Most people can be trusted"" or ""that you must be very careful in dealing with people""?"
Wave4,q24,24. Do you ageee with the statement 'Most people are trustworthy'
Wave4,q25,"25 Do you think most people would try to take advantage of you if they got a chance, or would they try to be fair?"
Wave4,q26,26. How much do you trust your relatives?
Wave4,q27,27. Trust your neighbors
Wave4,q28,28. Trust other people you interact with
Wave4,q29,29. How many people do you have contact within a typical week day?
Wave4,q30,"30. If you have a difficult problem to manage, are there people outside your household you can ask for help?"
Wave4,q31,"31. When people outside your household have problems, do they come to you for help?"
Wave4,q32,"32 If you had friends or co-workers whose opinions on politics differed from yours, would you have a hard time conversing with them?"
Wave4,q33,33 Did you vote in the last national election?
Wave4,q34,34 Which parties or candidates did you vote for?
Wave4,q34a,34a Did the respondent vote for the winning or losing camp?
Wave4,q35,35. Did you attend a campaign meeting or rally?
Wave4,q36,36. Try to persudae others to vote for a certain candidate or party?
Wave4,q37,37. Did you do anything else to help out or work for a party or candidate running in the last national election?
Wave4,q38,"38.On the whole, how free and fair would you say the last national election was?"
Wave4,q39,39. How easy or difficult to obtain an identity document service
Wave4,q40,40. How easy or difficult to obtain a place in a public primirary school for a child
Wave4,q41,41. How easy or difficult to obtain medical treatment at nearby clinic
Wave4,q42,42. How easy or difficult to obtain help from the police when you need it
Wave4,q43,43. How safe is living in this city/ town/ village
Wave4,q44,44. How interested would you say you are in politics?
Wave4,q45,45. How often do you follow news about politics and government?
Wave4,q46,"46. When you get together with your family members or friends, how often do you discuss political matters"
Wave4,q47,47. Do you have Internet access at home?
Wave4,q48,48. Do you have Internet access on a mobile phone?
Wave4,q49,49. How often do you use the internet?
Wave4,q50,50. Do you currently use any of the following social media networks?
Wave4,q51,51. How often do you use the Internet or social media networks to find information about politics and government?
Wave4,q52,52. How often do you use the Internet or social media networks to express your opinion about politics and government?
Wave4,q53,"53.Among the political parties listed here, which party if any do you feel closest to?"
Wave4,q54,54. How close do you feel to (answer in q53)?
Wave4,q55,"55 For the sake of the family, the individual should put his personal interests second."
Wave4,q56,"56. In a group, we should sacrifice our individual interest for the sake of the group's collective interest."
Wave4,q57,"57. For the sake of national interest, individual interest could be sacrificed."
Wave4,q58,"58. When dealing with others, developing a long-term relationship is more important than securing one's immediate interest."
Wave4,q59,"59. When dealing with others, one should not only focus on immediate interest but also plan for future."
Wave4,q60,"60. Even if parents' demands are unreasonable, children still should do what they ask."
Wave4,q61,"61. When a mother-in-law and a daughter-in-law come into conflict, even if the mother-in-law is in the wrong, the husband should still persuade his wife to obey his mother."
Wave4,q62,"62. Being a student, one should not question the authority of their teacher."
Wave4,q63,"63. In a group, we should avoid open quarrel to preserve the harmony of the group."
Wave4,q64,"64. Even if there is some disagreement with others, one should avoid the conflict."
Wave4,q65,65. A person should not insist on his own opinion if his co-workers disagree with him.
Wave4,q66,"66. Wealth and poverty, success and failure are all determined by fate."
Wave4,q67,"67. If one could have only one child, it is more preferable to have a boy than a girl."
Wave4,q68,"68. When dealing with others, one should not be preoccupied with temporary gains and losses."
Wave4,q69,"69 In the past three years, have you ever contacted elected officials or legislative representatives at any level-3 categories"
Wave4,q69a,"69a In the past three years, have you ever contacted elected officials or legislative representatives at any level-4 categories"
Wave4,q70,70  Contacted officials at higher level-3 categories.
Wave4,q70a,70a  Contacted officials at higher level--4 categories.
Wave4,q71,71 Contacted traditional leaders/community leaders-3 categories
Wave4,q71a,71a Contacted traditional leaders/community leaders-4 categories
Wave4,q72,72  Contacted other influential people outside the government-3 categories.
Wave4,q72a,72a  Contacted other influential people outside the government-4 categories.
Wave4,q73,73  Contacted news media-3 categories
Wave4,q73a,73a  Contacted news media-4 categories
Wave4,q74,74 Whether you personally have ever got together with others to try to resolve local problems-3 categories
Wave4,q74a,74a Whether you personally have ever got together with others to try to resolve local problems-4 categories
Wave4,q75,75 Got together with others to raise an issue or sign a petition-3 categories
Wave4,q75a,75a Got together with others to raise an issue or sign a petition-4 categories
Wave4,q76,76 Attended a demonstration or protest march-3 categories
Wave4,q76a,76a Attended a demonstration or protest march-4 categories
Wave4,q77,77 Used force or violence for a political cause-3 categories
Wave4,q77a,77a Used force or violence for a political cause-4 categories
Wave4,q78,"78 Thinking of whether you voted or not ever since you became eligible for voting, how would you describe yourself?"
Wave4,q79,79. Which of the following statements do you agree with most?
Wave4,q79a,79a. Do you strongly agree or just agree with the chosen statement?
Wave4,q80,80. which of the following statements do you agree with most?
Wave4,q80a,80a. Do you strongly agree or just agree with the chosen statement?
Wave4,q81,81. which of the following statements do you agree with most?
Wave4,q81a,81a. Do you strongly agree or just agree with the chosen statement?
Wave4,q82,82. which of the following statements do you agree with most?
Wave4,q82a,82a. Do you strongly agree or just agree with the chosen statement?
Wave4,q83,"83. Over the long run, our system of government is capable of solving the problems our country faces"
Wave4,q84,"84. Thinking in general, I am proud of our system of government"
Wave4,q85,"85 A system like ours, even if it runs into problems, deserves the people's support"
Wave4,q86,86. I would rather live under our system of government than any other that I can think of
Wave4,q87,"87. would you say our system of government works fine as it is, needs minor change, needs major change, or should be replaced?"
Wave4,q88,88  which one would you choose as the most essential characteristics of a democracy?
Wave4,q89,89. which one would you choose as the most essential characteristics of a democracy?
Wave4,q90,90. which one would you choose as the most essential characteristics of a democracy?
Wave4,q91,91. which one would you choose as the most essential characteristics of a democracy?
Wave4,q92,"92 On the whole, how satisfied or dissatisfied are you with the way democracy works in the country?"
Wave4,q93,93. In your opinion how much of a democracy is the country?
Wave4,q94,94 Where would you place our country under the present government?
Wave4,q95,95 Where would you place our country ten years ago?
Wave4,q96,96 Where would you expect our country to be ten years from now?
Wave4,q97,97 Whether you think democracy is suitable for our country
Wave4,q98,98 How satisfied or dissatisfied are you with the current government?
Wave4,q99,99 What are the first most important problems facing this country? 1st
Wave4,q99a,99a. What are the second most important problems facing this country? 2nd
Wave4,q99b,99b. What are the third most important problems facing this country? 3rd
Wave4,q100,100. How likely is it that the government will solve the most important problem you identified within the next five years?
Wave4,q101,101. People have the power to change a government they don't like
Wave4,q102,102. Political parties or candidates in our country have equal access to the mass media during the election period.
Wave4,q103,"103. Between elections, the people have no way of holding the government responsible for its actions."
Wave4,q104,"104. When government leaders break the laws, there is nothing the court can do."
Wave4,q105,105. All citizens from different ethnic communities in the country are treated equally by the government.
Wave4,q106,106 Rich and poor people are treated equally by the government
Wave4,q107,"107. People have basic necessities like food, clothes, and shelter"
Wave4,q108,108. People are free to speak what they think without fear.
Wave4,q109,109 People can join any organization they like without fear.
Wave4,q110,110 Do officials who commit crimes go unpunished?
Wave4,q111,111 How often do government officials withhold important information from the public view?
Wave4,q112,112 How often do you think government leaders break the law or abuse their power?
Wave4,q113,113 How often do you think our elections offer the voters a real choice between different parties/candidates?
Wave4,q114,114 To what extent is the legislature capable of keeping government leaders in check?
Wave4,q115,115 How well do you think the government responds to what people want?
Wave4,q116,116 How much do you feel that having elections makes the government pay attention to what the people think?
Wave4,q117,117 How widespread do you think corruption and bribe-taking are in your local/municipal government?
Wave4,q118,118 How widespread do you think corruption and bribe-taking are in the national government?
Wave4,q119,"119 In your opinion, is the government working to crack down on corruption and root out bribery?"
Wave4,q120,120 Have you or anyone you know personally witnessed an act of corruption or bribe-taking by a politician or government official in the past year?
Wave4,q121,121 Where would you place China today on this scale?
Wave4,q122,122 Where would you place the United States today on this scale?
Wave4,q123,123 Where would you place Japan on this scale?
Wave4,q124,124 Where would you place India on this scale?
Wave4,q125,125 Which of the following statements comes closest to your own opinion?
Wave4,q126,126 Which of the following statements comes closer to your own view?
Wave4,q127,"127 If you had to choose between democracy and economic development, which would you say is more important?"
Wave4,q128,"128 If you had to choose between reducing economic inequality and protecting political freedom, which would you say is more important?"
Wave4,q129,"129 Do you agree or disagree with the following statement: ""Democracy may have its problems, but it is still the best form of government""."
Wave4,q130,130 We should get rid of parliament and elections and have a strong leader decide things.
Wave4,q131,131 Only one political party should be allowed to stand for election and hold office.
Wave4,q132,132 The army (military) should come in to govern the country.
Wave4,q133,133 We should get rid of elections and parliaments and have experts make decisions on behalf of the people.
Wave4,q134,134 I think I have the ability to participate in politics.
Wave4,q135,135 Sometimes politics and government seems so complicated that a person like me can't really understand what is going on.
Wave4,q136,136 People like me don't have any influence over what the government does.
Wave4,q137,137 You can generally trust the people who run our government to do what is right.
Wave4,q138,"138 A citizen should always remain loyal only to his country, no matter how imperfect it is or what wrong it has done."
Wave4,q139,139 Women should not be involved in politics as much as men
Wave4,q140,140 The government should consult religious authorities when interpreting the laws
Wave4,q141,141 People with little or no education should have as much say in politics as highly-educated people
Wave4,q142,142 Government leaders are like the head of a family; we should all follow their decisions
Wave4,q143,143 The government should decide whether certain ideas should be allowed to be discussed in society
Wave4,q144,144 Harmony of the community will be disrupted if people organize lots of groups
Wave4,q145,"145 When judges decide important cases, they should accept the view of the executive branch"
Wave4,q146,"146 If the government is constantly checked [i.e. monitored and supervised] by the legislature, it cannot possibly accomplish great things"
Wave4,q147,"147 If we have political leaders who are morally upright, we can let them decide everything"
Wave4,q148,"148 If people have too many different ways of thinking, society will be chaotic"
Wave4,q149,"149 When the country is facing a difficult situation, it is ok for the government to disregard the law in order to deal with the situation"
Wave4,q150,150 How closely do you follow major events in foreign countries/ the world?
Wave4,q151,151 Our country should defend our way of life instead of becoming more and more like other countries.
Wave4,q152,"152 Do you agree or disagree with the following statement: ""We should protect our farmers and workers by limiting the import of foreign goods."""
Wave4,q153,153 Do you think the government should increase or decrease the inflow of foreign immigrants into the country?
Wave4,q154,154 Which of these statements comes closer to your view?
Wave4,q155,155 How fair do you think income distribution is in the country?
Wave4,q156,156 It is the responsibility of the government to reduce the differences between people with high income and those with low incomes.
Wave4,q157,157 How concerned are you about the loss of your major source of income within the next 12 months?
Wave4,q158,"158 The following is a hypothetical question: If you were unfortunate enough to lose your main source of income, how serious would it be for you and your family?"
Wave4,q159,"159 Considering all the effort that you and your family members have made in the past, do you think the income that your family currently receives is fair or not fair-4 categories?"
Wave4,q159a,"159a Considering all the effort that you and your family members have made in the past, do you think the income that your family currently receives is fair or not fair-6 categories?"
Wave4,q160,"160 As compared to my parent's generation, my generation has more or fewer opportunities to improve one's standard of living or social status?"
Wave4,q161,161 How proud are you to be a citizen of the country? Are you?
Wave4,q162,"162 Given the chance, how willing would you be to go and live in another country"
Wave4,q163,163 Which country has the most influence in Asia?
Wave4,q164,164 Does the United States do more good or harm to the region?
Wave4,q165,165 Does China do more good or harm to the region?
Wave4,q166,"166 In ten years, which country will have the most influence in Asia?"
Wave4,q167,167 Which country should be a model for our own country's future development?
Wave4,q168,168 How much influence does China have on our country?
Wave4,q169,"169 General speaking, the influence China has on our country is?"
Wave4,q170,170 How much influence does the United States have on our country?
Wave4,q171,"171 General speaking, the influence the United States has on our country is?"
Wave4,q172,172 How close do you feel to ASEAN? (ASEAN countries only)
Wave4,se2,se2 Gender
Wave4,se3_1,se3_1 Birth year
Wave4,se3_2,se3_2 Actual age
Wave4,se4,se4 Marital Status
Wave4,se5,se5 Education
Wave4,se5a,se5a How many year of formal education have you received
Wave4,se6,se6 Religion
Wave4,se7,se7 Religiosity
Wave4,se7a,"se7a Would you describe yourself as very religious, moderately religious, lightly religious, not religious at all?"
Wave4,se8a,se8a How many people live in this household?
Wave4,se8b,se8b How many generations of family members live in this household?
Wave4,se8c,"se8c INCLUDE servants, transients/boarders"
Wave4,se8d,"se8d EXCLUDE servants, transients/boarders"
Wave4,se9,se9 Are you current employed?
Wave4,se9a,"se9a Are you current self-employed, working in a family business or an outside employer?"
Wave4,se9b,se9b How many people does your business employ?
Wave4,se9c,se9c What is your job title (ISCO code)
Wave4,se9c_2,se9c_2 What is your job title (EGP class)
Wave4,se9c_3,se9c_3 Extended application. Elite vs. Mass
Wave4,se9c_4,se9c_4 Extended applicable. White vs. blue collar
Wave4,se9d,se9d Are you currently seeking employment?
Wave4,se9e,se9e What is your current status?
Wave4,se10,se10.  Are you the main earner in your household?
Wave4,se10_1,se10_1 Is the main earner in your household currently employed?
Wave4,se10a,"se10a Is he or she curently self-employed, working in family business or working for an outside employer?"
Wave4,se10b,se10b How many people does his or her business employ?
Wave4,se10c,se10c What is his/her job title (ISCO code)
Wave4,se10c_2,se10c_2 What is his/her job title (EGP class)
Wave4,se10c_3,se10c_3 Extended application. Elite vs. Mass
Wave4,se10c_4,se10c_4 Extended applicable. White vs. blue collar
Wave4,se10d,se10d Is he or she currently seeking employment?
Wave4,se10e,se10e What is his or her current status?
Wave4,se11,se11 What language do you speak the most in the home?
Wave4,se11a,se11a What is your racial or ethnic background
Wave4,se12,se12 Where would you place your family on the following scale? -10 scales
Wave4,se12a,se12 Where would you place your family on the following scale? -5 scales
Wave4,se13a,se13a Where would you put yourself on this staircase?
Wave4,se13b,se13b Where would you put your parents on this staircase?
Wave4,se13c,se13c Where would you put your children on this staircase?
Wave4,se14,se14 Annual or monthly household income
Wave4,se14a,se14a Does the total income of your household allow you to satisfactorily cover your needs?
Wave4,se15a,se15a Do your family own the following? Car/Jeep
Wave4,se15a_1,se15a_1 How many?
Wave4,se15b,se15b Tractor
Wave4,se15c,se15c Color or B/W television
Wave4,se15d,se15d Cable TV
Wave4,se15e,se15e Scooter/motorcycle/moped
Wave4,se15f,se15f Telephone
Wave4,se15g,se15g Mobile phone
Wave4,se15h,se15h Electric fan/cooler
Wave4,se15i,se15i Bicycle
Wave4,se15j,se15j Radio/transistor
Wave4,se15k,se15k pumping set
Wave4,se15l,se15l Fridge
Wave4,se15m,se15m Camera
Wave4,se15n,se15n Goats/sheep
Wave4,se15n_1,se15n_1 How many
Wave4,se15o,se15o Cows/Buffalo
Wave4,se15o_1,se15o_1 How many?
Wave4,ir1,ir1 Interviewer's number
Wave4,ir2,ir2 Is this the first questionnaire you have completed?
Wave4,ir2a,ir2a Interviewer's gender
Wave4,ir2b,ir2b Interviewer's Age
Wave4,ir2c,ir2c What kind of language do you normally use at home?
Wave4,ir3,"ir3 In the interview, other than the respondent, were others present?"
Wave4,ir3a,ir3a Who were they?
Wave4,ir4,ir4 Has the respondent ever refused to be interviewed during the whole process?
Wave4,ir5,ir5 Has the respondent ever felt impatient during the interview?
Wave4,ir6,ir6 How cooperative was the respondent during the interview?
Wave4,ir7,ir7 How sincere was the respondent when answering sensitive questions?
Wave4,ir8,ir8 What proportion of the questions do you feel the respondent had the difficulty answering?
Wave4,ir10,ir10 Language in which interview was conducted
Wave4,ir10a,ir10a Was the interview conducted with the assistance of an interpreter?
Wave4,ir11a,ir11a What is the condition of the road leading to interviewee's residence?
Wave4,ir11b,ir11b Is there tape water in the household?
Wave4,ir11b_2,ir11b_2 Please identify the main source of drinking water in the household?
Wave4,ir11c,ir11c Is electricity the main source of lighting in the house?
Wave4,ir11d,ir11d Is this neighborhood covered by mobil phone network?
Wave4,ir11e,"ir11e In terms of walking distance, how far is it between the nearest public transportation stop (bus, train, ferry, tram, etc.) and the respondent's house?"
Wave4,ir12,"ir12 Were the following services present within the neighborhood, estimate the distance of services by .."
Wave4,ir12a,ir12a. Post-office
Wave4,ir12b,ir12b. School
Wave4,ir12c,ir12c. Police station
Wave4,ir12d,ir12d. Sewerage system that most houses could access
Wave4,ir12e,ir12e. Health clinic
Wave4,ir12f,ir12f. Signal for cellular phone
Wave4,ir12g,"ir12g. Recreational facilities, e.g., a sports field"
Wave4,ir12h,"ir12h. Any churches, mosques, temples or other public places of worship"
Wave4,ir12i,ir12i. Any town halls or community buildings that can be used for meetings
Wave4,ir12j,ir12j. Market stalls (selling groceries and/or clothing)
Wave4,ir13,ir13 Which of the following levels within the country the respondent live?
Wave4,w,Individual country weight
Wave4,w_cross,cross 'Cross-country weight'
Wave4,wave,NULL
Wave6,country,Country code
Wave6,year,Interview year
Wave6,month,Interview month
Wave6,idnumber,case number
Wave6,region,Region
Wave6,level,Rural or urban
Wave6,q1,1 How would you rate the overall economic condition of our country today?
Wave6,q2,2 How would you describe the change in the economic condition of our country over the last few years?
Wave6,q3,3 What do you think will be the state of our country's economic condition a few years from now?
Wave6,q4,"4 As for your own family, how do you rate the economic situation of your family today?"
Wave6,q5,5 How would you compare the current economic condition of your family with what it was a few years ago?
Wave6,q6,6 What do you think the economic situation of your family will be a few years from now?
Wave6,q7,7 Trust in the excutive office (president or prime minister)
Wave6,q8,8 The courts
Wave6,q9,9 National government in the capital city
Wave6,q10,10 Political parties [not any specific party]
Wave6,q11,11 Parliament
Wave6,q12,12 Civil Service
Wave6,q13,13 The military or armed forces
Wave6,q14,14 The police
Wave6,q15,15 Local government
Wave6,q16,16 The election commission
Wave6,q17,17 Non-government organizations or NGOs
Wave6,q18,18 Name of the organization you belong to. First
Wave6,q18_other,18 Other specify responses
Wave6,q19,19 Name of the organization you belong to. Second
Wave6,q19_other,19 Other specify responses
Wave6,q20,20 Name of the organization that you belong to. Third
Wave6,q20_other,20 Other specify responses
Wave6,q21,21 Which organization you participate most actively in the last 12 months?'
Wave6,q21_other,21 Other specify responses
Wave6,q22,22 Would you say that 'Most people can be trusted' or 'that you must be very careful in dealing with people'?
Wave6,q23,23 Do you agree with the statement that 'most people are trustworthy?'
Wave6,q24,24 How much trust do you have in each of the following types of people? Your relatives
Wave6,q25,25 Trust in your neighbors
Wave6,q26,26 Trust in other people you interact with
Wave6,q27,27 Trust in people you meet for the first time
Wave6,q28,28 How many people do you have contact with in a typical week day?
Wave6,q29,29 Which of the following best describes your relations with most of your social contacts?
Wave6,q30,"30 Among these people you have frequent contacts, which of the following best describes the political views of these people?"
Wave6,q31,"31 If you have a difficult problem to manage, are there people outside your household you can ask for help?"
Wave6,q32,"32 If you had friends or co-workers whose opinions on politics differed from yours, would you have a hard time conversing with them?"
Wave6,q33,33 Did you vote in the national election?
Wave6,q34,34 Which parties or candidates did you vote for?
Wave6,q34other,34. Other specify responses
Wave6,q34a,34a Did the respondent vote for the winning or losing camp?
Wave6,q35,35 Did you attend a campaign meeting or rally in the last national election?
Wave6,q36,36 Try to persuade others to vote for a certain candidate or party?
Wave6,q37,37 Did you do anything else to help out or work for a party or candidate running in the last national election?
Wave6,q38,"38 On the whole, how free and fair would you say the last national election was?"
Wave6,q39,39 How easy or difficult to obtain the roads in good condition
Wave6,q40,40 How easy or difficult to obtain running water
Wave6,q41,41 How easy or difficult to obtain public transportation
Wave6,q42,42 How easy or difficult to obtain healthcare
Wave6,q43,43 How easy or difficult to obtain help from the police when you need it
Wave6,q44,44 How easy or difficult to obtain access to the Internet
Wave6,q45,45 How easy or difficult to obtain childcare
Wave6,q46,"46 Generally speaking, how safe is living in this city/town/village?"
Wave6,q47,47 How interested would you say you are in politics?
Wave6,q48,48 How often do you follow news about politics and government?
Wave6,q49,"49 When you get together with your family members or friends, how often do you discuss political matters?"
Wave6,q50,"50 How often do you use the internet, either through computer, tablet or smartphone?"
Wave6,q51a_facebook,51a Which social media and text messaging services do you actively use? Facebook
Wave6,q51b_twitter,51b Twitter
Wave6,q51c_instagram,51c Instagram
Wave6,q51d_youtube,51d Youtube
Wave6,q51e_tiktok,51e Tiktok
Wave6,q51f_messenger,q51f Messenger
Wave6,q51g_telegram,q51g Telegram
Wave6,q51h_line,q51h Line
Wave6,q51i_whatsapp,q51i Whatsapp
Wave6,q51j_snapchat,q51j Snapchat
Wave6,q51k_vchat,q51k Vchat
Wave6,q51l_tumblr,q51l Tumblr
Wave6,q52a,52a How often do you use social media to talk to or to connect with other people?
Wave6,q52b,52b How often do you use social media to express my opinion on political issues?
Wave6,q52c,52c How often do you use social media to share news or information?
Wave6,q52d,52d How often do you use social media to organize to influence politics?
Wave6,q53,53 Which one is the most important channel for you to find information about politics and government?
Wave6,q53other,53. Other specify responses
Wave6,q54,"54 Among the political parties listed here, which party if any do you feel closest to?"
Wave6,q54other,54. Other specify responses
Wave6,q55,"55 How close do you feel to (answer in Q54)? Is it very close, somewhat close, or just a little close?"
Wave6,q56,"56 For the sake of the family, the individual should put his personal interests second."
Wave6,q57,"57 In a group, we should sacrifice our individual interest for the sake of the group's collective interest."
Wave6,q58,"58 For the sake of national interest, individual interest could be sacrificed."
Wave6,q59,"59 When dealing with others, developing a long-term relationship is more important than securing one's immediate interest."
Wave6,q60,"60 Even if parents' demands are unreasonable, children still should do what they ask."
Wave6,q61,"61 When a mother-in-law and a daughter-in-law come into conflict, even if the mother-in-law is in the wrong, the husband should still persuade his wife to obey his mother."
Wave6,q62,"62 Being a student, one should not question the authority of their teacher."
Wave6,q63,"63 In a group, we should avoid open quarrel to preserve the harmony of the group."
Wave6,q64,"64 Even if there is some disagreement with others, one should avoid the conflict."
Wave6,q65,65 A person should not insist on his own opinion if his co-workers disagree with him.
Wave6,q66,"66 Wealth and poverty, success and failure are all determined by fate."
Wave6,q67,"67 If one could have only one child, it is more preferable to have a boy than a girl."
Wave6,q68,"68 In the past three years, have you ever contacted elected officials or legislative representatives at any level?"
Wave6,q69,69  Contacted civil servants or officials
Wave6,q70,"70  Contacted other influential people outside the government, such as traditional leaders/community leaders"
Wave6,q71,71  Contacted news media
Wave6,q72,72  Signed a paper or online petition?
Wave6,q73,73  Used the Internet including Social Media Networks to express opinions about politics
Wave6,q74,74  Joined a group to activiely support a cause [including online]
Wave6,q75,75  Got together with others face-to face to try to resolve local problems
Wave6,q76,76  Attended a demonstration or protest march
Wave6,q77,77  Taken an action or done something for a political cause that put you in risk of getting injured
Wave6,q78,"78 Thinking of whether you voted or not ever since you became eligible for voting, how would you describe yourself-have you voted in every election, voted in most elections, voted in some elections or hardly ever voted?"
Wave6,q79,"79 In recent years and thinking about election campaigns, has a candidate or someone from a political party or campaign team offered you something, like food, cash, a gift, or a job in return for your vote or support?"
Wave6,q80,"80  Over the long run, our system of government is capable of solving the problems our country faces."
Wave6,q81,"81  Thinking in general, I am proud of our system of government."
Wave6,q82,"82  A system like ours, even if it runs into problems, deserves the people's support."
Wave6,q83,83  I would rather live under our system of government than any other that I can think of.
Wave6,q84,"84 Would you say our system of government works fine as it is, needs minor change, needs major change, or should be replaced?"
Wave6,q85,85 Which one would you choose as the most essential characteristics of a democracy: Set 1?
Wave6,q86,86 Which one would you choose as the most essential characteristics of a democracy: Set 2?
Wave6,q87,87 Which one would you choose as the most essential characteristics of a democracy: Set 3?
Wave6,q88,88 Which one would you choose as the most essential characteristics of a democracy: Set 4?
Wave6,q89,"89 To you, what does “democracy” mean? (open-ended) <optional>"
Wave6,q90,"90 On the whole, how satisfied or dissatisfied are you with the way democracy works in the country?"
Wave6,q91,91 In your opinion how much of a democracy is our country?
Wave6,q92,92 Where would you place our country under the present government?
Wave6,q93,93 Where would you place our country ten years ago?
Wave6,q94,94 Where would you expect our country to be ten years from now?
Wave6,q95,95 Where would you place our country today? Democracy is suitable or not
Wave6,q96,96 How satisfied or dissatisfied are you with the current president/government?
Wave6,q97,97 What are the most important problems facing this country that government should address? First
Wave6,q97other,97. Other specify responses
Wave6,q97a,97a What are the most important problems facing this country that government should address? Second
Wave6,q97aother,97a. Other specify responses
Wave6,q97b,97b What are the most important problems facing this country that government should address? Third
Wave6,q97bother,97b. Other specify responses
Wave6,q98,98 How likely is it that the government will solve the most important problem you identified within the next five years?
Wave6,q99,99 Citizens are able to remove a government they don't like through elections.
Wave6,q100,"100  In our country, parties and candidates not in power have opportunities to be elected into government."
Wave6,q101,"101  Between elections, the people have no way of holding the government responsible for its actions."
Wave6,q102,"102  When government leaders break the laws, there is nothing the court can do."
Wave6,q103,103  All citizens from different ethnic communities in the [Country X] are treated equally by the government.
Wave6,q104,104  Rich and poor people are treated equally by the government.
Wave6,q105,"105  People have basic necessities like food, clothes, and shelter."
Wave6,q106,106  People are free to speak what they think without fear.
Wave6,q107,107  People can join any organization they like without fear.
Wave6,q108,108 How often do government officials withhold important information from the public?
Wave6,q109,109 How often do you think government leaders break the law or abuse their power?
Wave6,q110,110 How often do you think our elections offer the voters a real choice between different parties/candidates?
Wave6,q111,111 To what extent is the legislature capable of keeping government leaders in check?
Wave6,q112,112 How well do you think the government responds to what people want?
Wave6,q113,113 How much do you feel that having elections make the government more responsive to people's needs?
Wave6,q114,114 How capable is the government of enforcing laws and implementing policies?
Wave6,q115,115 How widespread do you think corruption and bribe-taking are in your local/municipal government?
Wave6,q116,116 How widespread do you think corruption and bribe-taking are in the national government?
Wave6,q117,117 How effective is the government in cracking down on corruption?
Wave6,q118,118 Have you or anyone you know personally witnessed an act of corruption or bribe-taking by a politician or government official in the past year?
Wave6,q119a,119a Did you personally witness it or were you told about it by a family member or friend who personally witnessed? Personally witnessed
Wave6,q119b,119b Did you personally witness it or were you told about it by a family member or friend who personally witnessed? Told about it by a family member who personally witnessed
Wave6,q119c,119c Did you personally witness it or were you told about it by a family member or friend who personally witnessed? Told about it by a friend who personally witnessed
Wave6,q120,120 Where would you place China today on this scale?
Wave6,q121,121 Where would you place the United States of America today on this scale?
Wave6,q122,122 Where would you place Japan today on this scale?
Wave6,q123,123 Where would you place India today on this scale?
Wave6,q124,124 Which of the following statements comes closest to your own opinion?
Wave6,q125,125 Which of the following statements comes closer to your own view?
Wave6,q126,"126 If you had to choose between democracy and economic development, which would you say is more important?"
Wave6,q127,"127 If you had to choose between reducing economic inequality and protecting political freedom, which would you say is more important?"
Wave6,q128,"128 Do you agree or disagree with the following statement: 'Democracy may have its problems, but it is still the best form of government's?"
Wave6,q129,129 We should get rid of parliament and elections and have a strong leader to decide things.
Wave6,q130,130 Only one political party is allowed to stand for election and hold office.
Wave6,q131,131 The army (military) should come in to govern the country.
Wave6,q132,132 We should get rid of elections and parliaments and have experts make decisions on behalf of the people.
Wave6,q133,133 I think I have the ability to participate in politics.
Wave6,q134,134 Sometimes politics and government seems so complicated that a person like me can't really understand what is going on.
Wave6,q135,135 People like me don't have any influence over what the government does.
Wave6,q136,136 You can generally trust the people who run our government to do what is right.
Wave6,q137,"137 A citizen should always remain loyal only to his country, no matter how imperfect it is or what wrong it has done."
Wave6,q138,138 Have you or your family members previously contracted the Covid-19 virus?
Wave6,q139a,139a Did you or a member of your family suffer from serious illness or death?
Wave6,q139b,139b Did you or a member of your family suffer from loss of job
Wave6,q139c,139c Did you or a member of your family suffer from loss of household income?
Wave6,q139d,139d Did you or a member of your family suffer from disruption of my kids' education?
Wave6,q140,"140 Thinking of the negative impact of Covid-19 on your family's livelihood, how serious it is in your view?"
Wave6,q141,141 How much do you trust the Covid-19 related information provided by the government?
Wave6,q142,142 How well or badly do you think the government handled the pandemic?
Wave6,q143a,"143aWhen there is a public health challenge like the coronavirus, is it justifiable for the government to postpone elections?"
Wave6,q143b,143b To limit freedom of speech or assembly
Wave6,q143c,143c To censor the media
Wave6,q143d,143d To track citizens’ locations at all times
Wave6,q143e,143e To impose a lockdown for a long time
Wave6,q144,144 Have you been vaccinated against Covid-19?
Wave6,q145,145 Why do you prefer not to be vaccinated against Covid-19?
Wave6,q145other,145. Other specify responses
Wave6,q146,146 I have here other statements: Women should not be involved in politics as much as men
Wave6,q147,147 The government should consult religious authorities when interpreting the laws.
Wave6,q148,148 People with little or no education should have as much say in politics as highly-educated people.
Wave6,q149,149 Government leaders are like the head of a family; we should all follow their decisions.
Wave6,q150,150 The government should decide whether certain ideas should be allowed to be discussed in society.
Wave6,q151,151 Harmony of the community will be disrupted if people organize lots of groups.
Wave6,q152,"152 When judges decide important cases, they should accept the view of the executive branch."
Wave6,q153,"153 If the government is constantly checked by the legislature, it cannot possibly accomplish great things."
Wave6,q154,"154 If we have political leaders who are morally upright, we can let them decide everything."
Wave6,q155,"155 If people have too many different ways of thinking, society will be chaotic."
Wave6,q156,156 Choose one statement.
Wave6,q156a,156a Do you strongly agree or just agree with the chosen statement?
Wave6,q156_1,156_1 Our country should do more to learn from other countries(q156+q156a)
Wave6,q157,157 Choose one statement.
Wave6,q157a,157a Do you strongly agree or just agree with the chosen statement?
Wave6,q157_1,157_1 Our country should do more trade with other countries(q157+q157a)
Wave6,q158,158 Do you think the government should increase or decrease the inflow of foreign immigrants into the country.
Wave6,q159,159 How fair do you think income distribution in Mongolia
Wave6,q160a,160a Narrow the gap between the rich and the poor
Wave6,q160b,160b Make sure that everyone has affordable housing
Wave6,q160c,160c Make sure that everyone has access to basic medical care
Wave6,q160d,160d Make sure that basic necessities such as food and shelters are provided for everyone
Wave6,q161,161 How worried are you that your family might lose its major source of income within the next 12 months?
Wave6,q162,"162 The following is a hypothetical question: If you were unfortunate enough to lose your main source of income, how serious would it be for you and your family?"
Wave6,q163,"163 Considering all the effort that you and your family members have made in the past, do you think the income that your family currently receives is fair or not fair?"
Wave6,q164,"164 As compared to my parent's generation, my generation has more or fewer opportunities to improve the standard of living or   social status?"
Wave6,q165,165 Will the next generation have had a better or worse life than our generation?
Wave6,q166,166 How proud are you to be a citizen of (COUNTRY)? Are you...
Wave6,q167,"167 Given the chance, how willing would you be to go and live in another country?"
Wave6,q168,"168 In order to solve the country’s urgent problems, a leader can govern the country by decrees and disregard the parliament if necessary"
Wave6,q169,"169 As long as a government can solve our country’s economic problem, it does not matter if the government holds regular elections or not"
Wave6,q170,170This country needs a leader who can break the rules if necessary to get things done
Wave6,q171,"171 As long as the government can maintain order and stability in the country, it does not matter whether it is democratic or undemocratic"
Wave6,q172a,172a Which circumstance would justify the governments's use of emergency powers to costrain rights and freedom: A public health crisis like the Covid-19 pandemic
Wave6,q172b,172b An economic crisis that has caused the loss of many jobs
Wave6,q172c,172c Widespread corruption that the president [PM] claims can only be reduced by increasing executive power
Wave6,q172d,172d A security crisis due to social unrest or terrorism
Wave6,q172e,172e The country is at war
Wave6,q173,173 Which country has the most influence in Asia?
Wave6,q173other,173. Other specify responses
Wave6,q174,174 Does USA do more good or harm to the Asia?
Wave6,q175,"175 Generally speaking, the influence the United States today has on world affairs is?"
Wave6,q176,176 Does China do more good or harm to the Asia?
Wave6,q177,"177 Generally speaking, the influence China today has on world affairs is?"
Wave6,q178,"178 Generally speaking, the influence the E.U. today has on world affairs is?"
Wave6,q179,"179  In ten years, which country will have the most influence in Asia?"
Wave6,q179other,179. Other specify responses
Wave6,q180,180 Which country should be a model for our own country's future development?
Wave6,q180other,180. Other sepcify responses
Wave6,q181,181 How much influence does China have on our country?
Wave6,q182,"182 Generally speaking, the influence China has on our country is?"
Wave6,q183,183 How much influence does USA have on our country?
Wave6,q184,"184 General speaking, the influence USA has on our country is?"
Wave6,q185,185 Which aspect of the major power’s influence and impact you have in mind when answering the above questions?
Wave6,q185other,185. Other specify responses
Wave6,q186,186 How close do you feel to ASEAN? (ASEAN countries only)
Wave6,se2,SE2 Gender
Wave6,se3,SE3 Birth year
Wave6,se3_1,SE3_1 Actual age
Wave6,se4,SE4 MARITAL STATUS
Wave6,se5,SE5 EDUCATION
Wave6,se5a,SE5a How many years of formal education you have received?
Wave6,se6,SE6 Religion
Wave6,se6other,SE6. Other specify responses
Wave6,se7,SE7 RELIGIOSITY: About how often do you practice religious services or rituals these days?
Wave6,se7a,SE7a How would you describe yourself?
Wave6,se8a,SE8a How many people live in this household?
Wave6,se8b,SE8b How many generations of family members live in this household?
Wave6,actual_count_include,"ACTUAL COUNT (INCLUDE servants, transients/boarders)"
Wave6,actual_count_exclude,"ACTUAL COUNT (EXCLUDE servants, transients/boarders)"
Wave6,se9,SE9 Are you currently employed?
Wave6,se9a,SE9a Are you currently self-employed?
Wave6,se9b,SE9b How many people does your business employ?
Wave6,se9c,SE9c Here is a list of different types of jobs. Which type of job do you have now?
Wave6,se9c_3,SE9c_3 Extended application. Elite vs. Mass
Wave6,se9c_4,SE9c_4 Extended application. White vs. blue collar
Wave6,se9d,SE9d Are you currently seeking employment?
Wave6,se9e,SE9e What is your current status?
Wave6,se9eother,SE9e. Other specify responses
Wave6,se10,SE10 Are you the main earner in your household?
Wave6,se10_1,SE10_1 Is the main earner in your household currently employed?
Wave6,se10a,"SE10a Is he or she currently self-employed, working in a family business, or working for an outside employer?"
Wave6,se10b,SE10b How many people do his or her business employ?
Wave6,se10c,SE10c Here is a list of different types of jobs. Which type of job does he/she have now?
Wave6,se10c_3,SE10c_3 Extended application. Elite vs. Mass
Wave6,se10c_4,SE10c_4 Extended application. White vs. blue collar
Wave6,se10d,SE10d Is he or she currently seeking employment?
Wave6,se10e,SE10e What is his or her current status?
Wave6,se10eother,SE10eother
Wave6,se11,SE11 What language do you speak the most in the home?
Wave6,se11a,SE11a What is your racial or ethnic background?
Wave6,se11aother,SE11aother
Wave6,se12,SE12 SUBJECTIVE SOCIAL STATUS
Wave6,se13a,SE13a Where would you put yourself on the staircase?
Wave6,se13b,SE13b Where would you put your parents on the staircase?
Wave6,se13c,SE13c Where do you think your children will be?
Wave6,se14,SE14 Monthly household income
Wave6,se14a,SE14a Does the total income of your household allow you to satisfactorily cover your needs?
Wave6,se15a,SE15a Do you or your family own the following: Car/Jeep/Van?<optional>
Wave6,se15a_1,SE15a_1 How many?<optional>
Wave6,se15b,SE15b Tractor<optional>
Wave6,se15c,SE15c Color or B/W Television (Non-Cable)<optional>
Wave6,se15d,SE15d Cable Television<optional>
Wave6,se15e,SE15e Scooter/Motorcycle/Moped<optional>
Wave6,se15f,SE15f Telephone (Landline)<optional>
Wave6,se15g,SE15g Mobile Telephone<optional>
Wave6,se15h,SE15h Electric Fan/Cooler<optional>
Wave6,se15i,SE15i Bicycle<optional>
Wave6,se15j,SE15j Radio/Transistor<optional>
Wave6,se15k,SE15k Pumping Set<optional>
Wave6,se15l,SE15l Fridge<optional>
Wave6,se15m,SE15m Camera<optional>
Wave6,se15n,SE15n Goats/Sheep<optional>
Wave6,se15n_1,SE15n_1 How many?<optional>
Wave6,se15o,SE15o Cows/Buffalo<optional>
Wave6,se15o_1,SE15o_1 How many?<optional>
Wave6,se15p,SE15p Internet Connection at home<optional>
Wave6,se15q,SE15q Boat<optional>
Wave6,se15q_1,SE15q_1 How many?<optional>
Wave6,ir1,IR1 Interviewer's number__________ (a three-digit code)
Wave6,ir2,IR2 Is this the first questionnaire you have completed?
Wave6,ir2a,IR2a Interviewer's gender
Wave6,ir2b,IR2b Interviewer's Age____
Wave6,ir2c,IR2c What kind of language do you normally use at home?
Wave6,ir2c_other,IR2c_other
Wave6,ir3,"IR3 In the interview, other than the respondent, were others present?"
Wave6,ir3a_1,IR3a_1 Respondent's spouse
Wave6,ir3a_2,IR3a_2 Children
Wave6,ir3a_3,IR3a_3 Parents or parents-in-law
Wave6,ir3a_4,IR3a_4 Neighbors/passers by
Wave6,ir3a_5,IR3a_5 Party/government official
Wave6,ir3a_6_other,IR3a_6_other
Wave6,ir3a_6_other_clarify,IR3a_other_clarify
Wave6,ir4,IR4 Has the respondent ever refused to be interviewed during the whole process?
Wave6,ir5,IR5 Has the respondent ever felt impatient during the interview?
Wave6,ir6,IR6 How cooperative was the respondent during the interview?
Wave6,ir7,IR7 How sincere was the respondent when answering sensitive questions?
Wave6,ir8,IR8 What proportion of the questions do you feel the respondent had difficulty answering?
Wave6,ir10,IR10 Language in which interview was conducted
Wave6,ir10a,IR10a Was the interview conducted with the assistance of an interpreter?
Wave6,ir11a,"IR11a Based on your observation, what is the condition of the road leading to interviewee's residence?"
Wave6,ir11b,IR11b Please identify the main source of drinking water in the household?
Wave6,ir11c,IR11c Is electricity the main source of lighting in the house?
Wave6,ir11d,IR11d Is this neighborhood covered by mobile network?
Wave6,ir11e,"IR11e In terms of walking distance, how far is it between the nearest public transportation stop (bus, train, ferry, tram, etc.) and the respondent's house?"
Wave6,ir12,"IR12 Were the following services present within the neighborhood (i.e., within walking or easy driving distance)"
Wave6,ir12a,IR12a Post-office
Wave6,ir12b,IR12b School
Wave6,ir12c,IR12c Police station
Wave6,ir12d,IR12d Sewerage system that most houses could access
Wave6,ir12e,IR12e Health clinic
Wave6,ir12f,IR12f Signal for cellular phone
Wave6,ir12g,"IR12g Recreational facilities, e.g., a sports field"
Wave6,ir12h,"IR12h Any churches, mosques, temples or other public places of worship"
Wave6,ir12i,IR12i Any town halls or community buildings that can be used for meetings
Wave6,ir12k,IR12k Market stalls (selling groceries and/or clothing)
Wave6,ir13,IR13 Which of the following levels within the country the respondent live?
Wave6,w,weight_factor
Wave6,wave,NULL
