variable,n_waves,concept_label,w1_label,w2_label,w3_label,w4_label,w5_label,w6_label
q100,6,Where would you place our country under the present government?,Where would you place our country under the present government?,"In your opinion, what are the most important questions facing the country that government should address?","q100. Between elections, the people have no way of holding the government responsible for its actions.",100. How likely is it that the government will solve the most important problem you identified within the next five years?,100 In your opinion how much of a democracy is our country?,"100  In our country, parties and candidates not in power have opportunities to be elected into government."
q101,6,To what extent would you want our country to be democratic now?,To what extent would you want our country to be democratic now?,Second Response,"q101. When government leaders break the laws, there is nothing the court can do.",101. People have the power to change a government they don't like,101 Where would you place our country under the present government?,"101  Between elections, the people have no way of holding the government responsible for its actions."
q102,6,Where do you expect our country to be in five years?,Where do you expect our country to be in five years?,Third Response,q102. Most citizens in our country don't make much effort to influence government decisions.,102. Political parties or candidates in our country have equal access to the mass media during the election period.,102 Where would you place our country ten years ago?,"102  When government leaders break the laws, there is nothing the court can do."
q103,6,Do you think democracy is suitable for our country?,Do you think democracy is suitable for our country?,People have the power to change a government they don't like,q103. All citizens from different ethnic communities in Country X are treated equally by the government.,"103. Between elections, the people have no way of holding the government responsible for its actions.",103 Where would you expect our country to be ten years from now?,103  All citizens from different ethnic communities in the [Country X] are treated equally by the government.
q104,6,How satisfied or dissatisfied are you with the current government?,How satisfied or dissatisfied are you with the current government?,Our current courts always punish the guilty even if they are high-ranking officials,q104. Rich and poor people are treated equally by the government.,"104. When government leaders break the laws, there is nothing the court can do.",104 Where would you place our country today? Democracy is suitable or not,104  Rich and poor people are treated equally by the government.
q105,6,Everyone is free to say what they think- is better than before?,Everyone is free to say what they think- is better than before?,Political parties or candidates in our country have equal access to the mass media during the election period,"q105. People have basic necessities like food, clothes, and shelter.",105. All citizens from different ethnic communities in the country are treated equally by the government.,105 How satisfied or dissatisfied are you with the current president/government?,"105  People have basic necessities like food, clothes, and shelter."
q106,6,Everyone is treated equally by the government- is better than before?,Everyone is treated equally by the government- is better than before?,"Between elections, the people have no way of holding the government responsible for its actions",q106. People are free to speak what they think without fear.,106 Rich and poor people are treated equally by the government,106 What are the first most important problems facing this country that government should address(1st response)?,106  People are free to speak what they think without fear.
q107,6,People like me can have an influence on government- is better than before?,People like me can have an influence on government- is better than before?,"When the government breaks the laws, there is nothing the legal system can do",q107. People can join any organization they like without fear.,"107. People have basic necessities like food, clothes, and shelter",107 How likely is it that the government will solve the most important problem you identified within the next five years?,107  People can join any organization they like without fear.
q108,6,Corruption in politics and government is under control- is better than before?,Corruption in politics and government is under control- is better than before?,Everyone is treated equally by the government,q108. Do officials who commit crimes go unpunished?,108. People are free to speak what they think without fear.,108 Citizens are able to remove a government they don't like through elections,108 How often do government officials withhold important information from the public?
q109,6,The gap between the rich and the poor have narrowed- is better than before?,The gap between the rich and the poor have narrowed- is better than before?,"People have basic necessities like food, clothes, and shelter",q109. How often do government officials withhold important information from the public view?,109 People can join any organization they like without fear.,"109 In our country, parties and candidates not in power have opportunities to be elected into government",109 How often do you think government leaders break the law or abuse their power?
q110,6,Preventing crime and maintaining order- is better than before?,Preventing crime and maintaining order- is better than before?,People are free to speak what they think without fear,q110. How often do you think government leaders break the law or abuse their power?,110 Do officials who commit crimes go unpunished?,"110 Between elections, the people have no way of holding the government responsible for its actions",110 How often do you think our elections offer the voters a real choice between different parties/candidates?
q111,6,Economic development- is better than before?,Economic development- is better than before?,People can join any organization the like without fear,q111.  How often do you think our elections offer the voters a real choice between different parties/candidates?,111 How often do government officials withhold important information from the public view?,"111 When government leaders break the laws, there is nothing the court can do",111 To what extent is the legislature capable of keeping government leaders in check?
q112,6,Judges and courts are free from political interference- is better than before?,Judges and courts are free from political interference- is better than before?,How often do government officials withhold important information from the public view?,q112. To what extent is the legislature capable of keeping government leaders in check?,112 How often do you think government leaders break the law or abuse their power?,112 All citizens from different ethnic communities in the country are treated equally by the government.,112 How well do you think the government responds to what people want?
q113,6,You can join any organization you like- is better than before?,You can join any organization you like- is better than before?,How often do national government officials abide by the law? (HK: Hong Kong government),q113. How well do you think the government responds to what people want?,113 How often do you think our elections offer the voters a real choice between different parties/candidates?,113 Rich and poor people are treated equally by the government,113 How much do you feel that having elections make the government more responsive to people's needs?
q114,6,How widespread corruption in your local/municipal government?,How widespread corruption in your local/municipal government?,How often do your think our elections offer the voters a real choice between different parties/candidates?,"q114. In your neighborhood or community, do people voice their interests and concerns in local affairs?",114 To what extent is the legislature capable of keeping government leaders in check?,"114 People have basic necessities like food, clothes, and shelter",114 How capable is the government of enforcing laws and implementing policies?
q115,6,How widespread corruption in the national government?,How widespread corruption in the national government?,To what extent is the legislature capable of keeping the government in check?,q115. How much do you feel that having elections makes the government pay attention to what the people think?,115 How well do you think the government responds to what people want?,115 People are free to speak what they think without fear,115 How widespread do you think corruption and bribe-taking are in your local/municipal government?
q116,6,anyone you know personally witnessed an act of corruption?,anyone you know personally witnessed an act of corruption?,How well do you think the government responds to what people want?,q116. How widespread do you think corruption and bribe-taking are in your local/municipal government?  Would you say …?,116 How much do you feel that having elections makes the government pay attention to what the people think?,116 People can join any organization they like without fear,116 How widespread do you think corruption and bribe-taking are in the national government?
q117,6,Which comes closest to your own opinion?,Which comes closest to your own opinion?,How widespread do you think corruption and bribe-taking are in your local/municipal government?,q117. How widespread do you think corruption and bribe-taking are in the national government [in capital city]?  Would you say …?,117 How widespread do you think corruption and bribe-taking are in your local/municipal government?,117 How often do government officials withhold important information from the public?,117 How effective is the government in cracking down on corruption?
q118,6,Which comes closer to your own view?,Which comes closer to your own view?,How widespread do you think corruption and bribe-taking are in the national government?,"q118. In your opinion, is the government working to crack down on corruption and root out bribery?",118 How widespread do you think corruption and bribe-taking are in the national government?,118 How often do you think government leaders break the law or abuse their power?,118 Have you or anyone you know personally witnessed an act of corruption or bribe-taking by a politician or government official in the past year?
q120,6,Which comes closer to your own view?,Which comes closer to your own view?,"In your opinion, is the government working to crackdown corruption and root out bribes?",q120. Remember the scale that we used before: 1 means completely undemocratic and 10 means completely democratic. Where would you place China today on this scale?,120 Have you or anyone you know personally witnessed an act of corruption or bribe-taking by a politician or government official in the past year?,120 To what extent is the legislature capable of keeping government leaders in check?,120 Where would you place China today on this scale?
q121,6,We should get rid of parliament and elections and have a strong leader decide things,We should get rid of parliament and elections and have a strong leader decide things,Which of the following statements comes closest to your own opinion?,q121. Where would you place the United States today on this scale?,121 Where would you place China today on this scale?,121 How well do you think the government responds to what people want?,121 Where would you place the United States of America today on this scale?
q122,6,No opposition party should be allowed to compete for power,No opposition party should be allowed to compete for power,Which of the following statements comes closer to your own view?,q122. Where would you place Japan today on this scale?,122 Where would you place the United States today on this scale?,122 How much do you feel that having elections makes the government more responsive to people's needs,122 Where would you place Japan today on this scale?
q123,6,The military should come in to govern the country,The military should come in to govern the country,"If you had to choose between democracy and economic development, which would you say is more important?",q123. Where would you place India today on this scale?,123 Where would you place Japan on this scale?,123 How capable is the government of enforcing laws and implementing policies?,123 Where would you place India today on this scale?
q124,6,We should get rid of parliament and elections and have the experts decide everything,We should get rid of parliament and elections and have the experts decide everything,We should get rid of parliament and elections and have a strong leader decide things,q124. Which of the following statements comes closest to your own opinion?,124 Where would you place India on this scale?,124 How widespread do you think corruption and bribe-taking are in your local/municipal government?,124 Which of the following statements comes closest to your own opinion?
q125,6,"It is ok for the government to disregard the law in order to deal with the situation, when the country is facing a diffi","It is ok for the government to disregard the law in order to deal with the situation, when the country is facing a diffi",Only one political party is allowed to stand for election and hold office,q125. Which of the following statements comes closer to your own view?,125 Which of the following statements comes closest to your own opinion?,125 How widespread do you think corruption and bribe-taking are in the national government?,125 Which of the following statements comes closer to your own view?
q126,6,I have the ability to participate in politics,I have the ability to participate in politics,The army should come in to govern the country,"q126. If you had to choose between democracy and economic development, which would you say is more important?",126 Which of the following statements comes closer to your own view?,126 How effective is the government in cracking down on corruption?,"126 If you had to choose between democracy and economic development, which would you say is more important?"
q127,6,Politics and government seems so complicated that a person like me can't really understand what is going on,Politics and government seems so complicated that a person like me can't really understand what is going on,I think I have the ability to participate in politics,"q127. If you had to choose between reducing economic inequality and protecting political freedom, which would you say is more important?","127 If you had to choose between democracy and economic development, which would you say is more important?",127 Have you or anyone you know personally witnessed an act of corruption or bribe-taking by a politician or government official in the past year?,"127 If you had to choose between reducing economic inequality and protecting political freedom, which would you say is more important?"
q128,6,The nation is run by a powerful few and ordinary citizens cannot do much about it,The nation is run by a powerful few and ordinary citizens cannot do much about it,Sometimes politics and government seems so complicated that a person like me can't really understand what is going on,"q128. Do you agree or disagree with the following statement: ""Democracy may have its problems, but it is still the best form of government.""","128 If you had to choose between reducing economic inequality and protecting political freedom, which would you say is more important?",128 Where would you place China today on this scale?,"128 Do you agree or disagree with the following statement: 'Democracy may have its problems, but it is still the best form of government's?"
q129,6,People like me don't have any influence over what the government does,People like me don't have any influence over what the government does,"Whatever its faults may be, our form of government is still the best for us","q129. There are many ways to govern a country. Would you disapprove or approve of the following alternatives? For each statement, would you say you strongly approve, approve, disapprove, or strongly disapprove? We should get rid of parliament and election","129 Do you agree or disagree with the following statement: ""Democracy may have its problems, but it is still the best form of government"".",129 Where would you place the United States today on this scale?,129 We should get rid of parliament and elections and have a strong leader to decide things.
q130,6,Our form of government is still the best for us,Our form of government is still the best for us,You can generally trust the people who run our government to do what is right (HK: Hong Kong government),q130. Only one political party should be allowed to stand for election and hold office.,130 We should get rid of parliament and elections and have a strong leader decide things.,130 Where would you place Japan today on this scale?,130 Only one political party is allowed to stand for election and hold office.
q131,6,You can generally trust the people who run our government to do what is right,You can generally trust the people who run our government to do what is right,"Generally speaking, we can trust the local government officials to do the right things",q131. The army (military) should come in to govern the country.,131 Only one political party should be allowed to stand for election and hold office.,131 Where would you place India today on this scale?,131 The army (military) should come in to govern the country.
q132,6,People with little or no education should have as much say in politics as highly-educated people,People with little or no education should have as much say in politics as highly-educated people,Which of these two statements comes closer to your own view,q132. We should get rid of elections and parliaments and have experts make decisions on behalf of the people.,132 The army (military) should come in to govern the country.,132 Which of the following statements comes closest to your own opinion?,132 We should get rid of elections and parliaments and have experts make decisions on behalf of the people.
q133,6,Government leaders are like the head of a family; we should all follow their decisions,Government leaders are like the head of a family; we should all follow their decisions,People with little or no education should have as much say in politics as highly-educated people,"q133. I have here some statements. For each statement, would you say you strongly agree, somewhat agree, somewhat disagree, or strongly disagree? I think I have the ability to participate in politics.",133 We should get rid of elections and parliaments and have experts make decisions on behalf of the people.,133 Which of the following statements comes closer to your own view?,133 I think I have the ability to participate in politics.
q134,6,The government should decide whether certain ideas should be allowed to be discussed in society,The government should decide whether certain ideas should be allowed to be discussed in society,Government leaders are like the head of a family; we should all follow their decisions,q134. Sometimes politics and government seems so complicated that a person like me can't really understand what is going on.,134 I think I have the ability to participate in politics.,"134 If you had to choose between democracy and economic development, which would you say is more important?",134 Sometimes politics and government seems so complicated that a person like me can't really understand what is going on.
q135,6,Harmony of the community will be disrupted if people organize lots of groups,Harmony of the community will be disrupted if people organize lots of groups,The government should decide whether certain ideas should be allowed to be discussed in society,q135. People like me don't have any influence over what the government does.,135 Sometimes politics and government seems so complicated that a person like me can't really understand what is going on.,"135 If you had to choose between reducing economic inequality and protecting political freedom, which would you say is more important?",135 People like me don't have any influence over what the government does.
q136,6,"When judges decide important cases, they should accept the view of the executive branch","When judges decide important cases, they should accept the view of the executive branch",Harmony of the community will be disrupted if people organize lots of groups,q136. You can generally trust the people who run our government to do what is right.,136 People like me don't have any influence over what the government does.,"136 Do you agree or disagree with the following statement: ""Democracy may have its problems, but it is still the best form of government"".",136 You can generally trust the people who run our government to do what is right.
q137,6,"If the government is constantly checked by the legislature, it cannot possibly accomplish great things","If the government is constantly checked by the legislature, it cannot possibly accomplish great things","When judges decide important cases, they should accept the view of the executive branch","q137. A citizen should always remain loyal only to his country, no matter how imperfect it is or what wrong it has done.",137 You can generally trust the people who run our government to do what is right.,137 We should get rid of parliament and elections and have a strong leader decide things.,"137 A citizen should always remain loyal only to his country, no matter how imperfect it is or what wrong it has done."
q138,6,"If we have political leaders who are morally upright, we can let them decide everything","If we have political leaders who are morally upright, we can let them decide everything","If the government is constantly checked by the legislature, it cannot possibly accomplish great things","q138. I have here other statements. For each statement, would you say you strongly agree, somewhat agree, somewhat disagree, or strongly disagree? The government should consult religious authorities when interpreting the laws.","138 A citizen should always remain loyal only to his country, no matter how imperfect it is or what wrong it has done.",138 Only one political party should be allowed to stand for election and hold office,138 Have you or your family members previously contracted the Covid-19 virus?
q140,6,The government should maintain ownership of major state-owned enterprises,The government should maintain ownership of major state-owned enterprises,"If people have too many different ways of thinking, society will be chaotic",q140. People with little or no education should have as much say in politics as highly-educated people.,140 The government should consult religious authorities when interpreting the laws,140 We should get rid of elections and parliaments and have experts make decisions on behalf of the people.,"140 Thinking of the negative impact of Covid-19 on your family's livelihood, how serious it is in your view?"
q141,6,The national government should have more authority over local decisions than it does now,The national government should have more authority over local decisions than it does now,"When the country is facing a difficult situation, it is ok for the government to disregard the law in order to deal with the situation",q141. Government leaders are like the head of a family; we should all follow their decisions.,141 People with little or no education should have as much say in politics as highly-educated people,141 I think I have the ability to participate in politics,141 How much do you trust the Covid-19 related information provided by the government?
q142,6,Our country should defend our way of life instead of becoming more and more like other countries,Our country should defend our way of life instead of becoming more and more like other countries,The government should maintain ownership of major state-owned enterprises,q142. The government should decide whether certain ideas should be allowed to be discussed in society.,142 Government leaders are like the head of a family; we should all follow their decisions,142 Sometimes politics and government seems so complicated that a person like me can't really understand what is going on,142 How well or badly do you think the government handled the pandemic?
q144,6,"The state is like a big machine and the individual is but a small cog, with no independent status","The state is like a big machine and the individual is but a small cog, with no independent status",Our country should defend our way of life instead of becoming more and more like other countries,"q144. When judges decide important cases, they should accept the view of the executive branch.",144 Harmony of the community will be disrupted if people organize lots of groups,144 You can generally trust the people who run our government to do what is right,144 Have you been vaccinated against Covid-19?
q145,6,The most important thing for a political leader is to accomplish his goals even if he has to ignore the established proc,The most important thing for a political leader is to accomplish his goals even if he has to ignore the established proc,"In order to preserve social justice, the government should prevent the gap between rich and poor from growing any larger","q145. If the government is constantly checked [i.e. monitored and supervised] by the legislature, it cannot possibly accomplish great things.","145 When judges decide important cases, they should accept the view of the executive branch","145 A citizen should always remain loyal only to his country, no matter how imperfect it is or what wrong it has done.",145 Why do you prefer not to be vaccinated against Covid-19?
q146,6,"If a political leader really believes in his position, he should refuse to compromise regardless of how many people disa","If a political leader really believes in his position, he should refuse to compromise regardless of how many people disa",Our country should become more self-sufficient and less reliant on trade with other countries,"q146. If we have political leaders who are morally upright, we can let them decide everything.","146 If the government is constantly checked [i.e. monitored and supervised] by the legislature, it cannot possibly accomplish great things",146 Women should not be involved in politics as much as men,146 I have here other statements: Women should not be involved in politics as much as men
q147,6,A political leader should tolerate the views of those who challenge his political ideals,A political leader should tolerate the views of those who challenge his political ideals,Let us suppose that you had to choose between being a..... which of these do you feel most strongly attached to,"q147. If people have too many different ways of thinking, society will be chaotic.","147 If we have political leaders who are morally upright, we can let them decide everything",147 The government should consult religious authorities when interpreting the laws,147 The government should consult religious authorities when interpreting the laws.
q148,6,"As long as a political leader enjoys majority support, he should implement his own agenda and disregard the view of the","As long as a political leader enjoys majority support, he should implement his own agenda and disregard the view of the",These people should have the equal right to do whatever they want to do as other citizens,"q148. When the country is facing a difficult situation, it is ok for the government to disregard the law in order to deal with the situation.","148 If people have too many different ways of thinking, society will be chaotic",148 People with little or no education should have as much say in politics as highly-educated people,148 People with little or no education should have as much say in politics as highly-educated people.
q1,5,How would you rate the overall economic condition of our country today?,NA,How would you rate the overall economic condition of our country today?,q1. How would you rate the overall economic condition of our country today?  Is it …,1. How would you rate the overll economic condition of our country today?,1. How would you rate the overall economic condition of our country today?,1 How would you rate the overall economic condition of our country today?
q10,5,Trust in Political parties,NA,Trust in Political parties,q10. Political parties [not any specific party],10 Political parties,10 Political parties[not any specific party],10 Political parties [not any specific party]
q11,5,Trust in Parliament,NA,Trust in Parliament,q11. Parliament,11 Parliament,11 Parliament,11 Parliament
q119,5,choose between democracy and economic development?,choose between democracy and economic development?,Have you or anyone you know personally witnessed an act of corruption or bribe-taking by a politician or government official in the past year?,q119. Have you or anyone you know personally witnessed an act of corruption or bribe-taking by a politician or government official in the past year? IF WITNESSED: Did you personally witness it or were you told about it by a family member or friend who per,"119 In your opinion, is the government working to crack down on corruption and root out bribery?",119 How often do you think our elections offer the voters a real choice between different parties/candidates?,NA
q12,5,Trust in Civil service,NA,Trust in Civil service,q12. Civil service,12 Civil service,12 Civil service,12 Civil Service
q13,5,Trust in the military(or armed forces),NA,Trust in the military(or armed forces),q13. The military(or armed forces),13 The military,13 The military or armed force,13 The military or armed forces
q139,5,"If people have too many different ways of thinking, society will be chaotic","If people have too many different ways of thinking, society will be chaotic","If we have political leaders who are morally upright, we can let them decide everything",q139. Women should not be involved in politics as much as men.,139 Women should not be involved in politics as much as men,139 The army (military) should come in to govern the country,NA
q14,5,Trust in the police,NA,Trust in the police,q14. The police,14 The police,14 The police,14 The police
q143,5,"For the sake of the national community/society, the individual should be prepared to sacrifice his personal interest","For the sake of the national community/society, the individual should be prepared to sacrifice his personal interest",The local government should have more authority over local decisions than it does now,q143. Harmony of the community will be disrupted if people organize lots of groups.,143 The government should decide whether certain ideas should be allowed to be discussed in society,143 People like me don`t have any influence over what the government does,NA
q149,5,They should enjoy the same right as other citizens to vote in the election of the top leader,NA,They should enjoy the same right as other citizens to vote in the election of the top leader,q149. How closely do you follow major events in foreign countries / the world?,"149 When the country is facing a difficult situation, it is ok for the government to disregard the law in order to deal with the situation",149 Government leaders are like the head of a family; we should all follow their decisions,149 Government leaders are like the head of a family; we should all follow their decisions.
q15,5,Trust in local government,NA,Trust in local government,q15. Local government,15 Local government,15 Local government,15 Local government
q150,5,Their basic well-being should be taken care of by the government to the same extent as other citizens,NA,Their basic well-being should be taken care of by the government to the same extent as other citizens,"q150. How often do you watch or listen to foreign programs (television, DVDs, movies, radio)?",150 How closely do you follow major events in foreign countries/ the world?,150 The government should decide whether certain ideas should be allowed to be discussed in society,150 The government should decide whether certain ideas should be allowed to be discussed in society.
q151,5,A citizen who does not actively participate in the affairs of his local and national community is not performing his duties,NA,A citizen who does not actively participate in the affairs of his local and national community is not performing his duties,q151. Our country should defend our way of life instead of becoming more and more like other countries.,151 Our country should defend our way of life instead of becoming more and more like other countries.,151 Harmony of the community will be disrupted if people organize lots of groups,151 Harmony of the community will be disrupted if people organize lots of groups.
q152,5,"Citizens should always obey laws and regulations, even if they disagree with them",NA,"Citizens should always obey laws and regulations, even if they disagree with them","q152. Do you agree or disagree with the following statement: ""We should protect our farmers and workers by limiting the import of foreign goods.""","152 Do you agree or disagree with the following statement: ""We should protect our farmers and workers by limiting the import of foreign goods.""","152 When judges decide important cases, they should accept the view of the executive branch","152 When judges decide important cases, they should accept the view of the executive branch."
q153,5,"Do you agree or disagree with the following statement: ""A citizen should always remain loyal only to his country, no matter how imperfect",NA,"Do you agree or disagree with the following statement: ""A citizen should always remain loyal only to his country, no matter how imperfect","q153. Do you agree or disagree with the following statement: ""Foreign goods are hurting the local community.""",153 Do you think the government should increase or decrease the inflow of foreign immigrants into the country?,"153 If the government is constantly checked [i.e. monitored and supervised] by the legislature, it cannot possibly accomplish great things","153 If the government is constantly checked by the legislature, it cannot possibly accomplish great things."
q154,5,How proud are you to be a citizen of [Country],NA,How proud are you to be a citizen of [Country],q154. How proud are you to be a citizen of (COUNTRY)?,154 Which of these statements comes closer to your view?,"154 If we have political leaders who are morally upright, we can let them decide everything","154 If we have political leaders who are morally upright, we can let them decide everything."
q155,5,"Given the chance, how willing would you be to go and live in another country?",NA,"Given the chance, how willing would you be to go and live in another country?","q155. Given the chance, how willing would you be to go and live in another country?",155 How fair do you think income distribution is in the country?,"155 If people have too many different ways of thinking, society will be chaotic","155 If people have too many different ways of thinking, society will be chaotic."
q156,5,Relation: The European Community or European Union,NA,Relation: The European Community or European Union,q156. Which country has the most influence in Asia?,156 It is the responsibility of the government to reduce the differences between people with high income and those with low incomes.,156 Which of the following statements do you agree with the most? distinct way of life vs. learning from other countries,156 Choose one statement.
q157,5,Relation: The United Nations or UN,NA,Relation: The United Nations or UN,"q157. Does (answer in Q156) do more good or harm to the region? Ask Q157a if the answer in Q156 is not China, otherwise skip to Q158",157 How concerned are you about the loss of your major source of income within the next 12 months?,157 Which of the following statements do you agree with the most? limit or import of foreign goods,157 Choose one statement.
q158,5,Relation: International Monetary Fund or IMF,NA,Relation: International Monetary Fund or IMF,"q158. In ten years, which country will have the most influence in Asia?","158 The following is a hypothetical question: If you were unfortunate enough to lose your main source of income, how serious would it be for you and your family?",158 Do you think the government should increase or decrease the inflow of foreigners who come to work in our country?,158 Do you think the government should increase or decrease the inflow of foreign immigrants into the country.
q159,5,Relation: World Bank,NA,Relation: World Bank,q159. Which country should be a model for our own country's future development?,"159 Considering all the effort that you and your family members have made in the past, do you think the income that your family currently receives is fair or not fair-4 categories?",159 How fair do you think income distribution is in the country?,159 How fair do you think income distribution in Mongolia
q16,5,Trust in newspaper,NA,Trust in newspaper,q16. Newspapers,16 Newspaper,16 The election commission,16 The election commission
q161,5,Impression: The United Nations or UN,NA,Impression: The United Nations or UN,"q161. General speaking, the influence China has on our country is?",161 How proud are you to be a citizen of the country? Are you?,161 How worried are you that your family might lose its major source of income within the next 12 months?,161 How worried are you that your family might lose its major source of income within the next 12 months?
q17,5,Trust in television,NA,Trust in television,q17. Television,17 Television,17 Non-government organizations or NGOs,17 Non-government organizations or NGOs
q18,5,Trust in the election commission(Singapore: International TV),NA,Trust in the election commission(Singapore: International TV),q18. The election commission [specify institution by name] <Optional>,18 The election commission,18. Name of the organization you belong to. First,18 Name of the organization you belong to. First
q19,5,Trust in NGOs,NA,Trust in NGOs,q19. Non-governmental organizations or NGOs <Optional>,19 Non-government organizations or NGOs,19. Name of the organization you belong to. Second,19 Name of the organization you belong to. Second
q2,5,How would you describe the change in the economic condition of our country over the last years?,NA,How would you describe the change in the economic condition of our country over the last years?,q2. How would you describe the change in the economic condition of our country over the last few years,2. How would you dsecribe the change in the economic condition of our country over the last few years?,2. How would you dsecribe the change in the economic condition of our country over the last few years?,2 How would you describe the change in the economic condition of our country over the last few years?
q20,5,Are you a member of any organization or formal groups?,NA,Are you a member of any organization or formal groups?,q20. Could you identity the three most important organizations or formal groups you belong to. First Organization,20. Name of the organization you belong to. First,20. Name of the organization that you belong to. Third,20 Name of the organization that you belong to. Third
q23,5,"General speaking, would you say ""Most people can be trusted"" or ""that you must be very careful""?",NA,"General speaking, would you say ""Most people can be trusted"" or ""that you must be very careful""?","q23. General speaking, would you say that ""Most people can be trusted"" or ""that you must be very careful in dealing with people""?","23 Would you say that ""Most people can be trusted"" or ""that you must be very careful in dealing with people""?",23 Do you agree with the statement that 'most people are trustworthy?',23 Do you agree with the statement that 'most people are trustworthy?'
q24,5,How much trust do you have in your relatives?,NA,How much trust do you have in your relatives?,"q24. Do you think most people would try to take advantage of you if they got a chance, or would they try to be fair? (NEW)",24. Do you ageee with the statement 'Most people are trustworthy',24 How much trust do you have in each of the following types of people? Your relatives,24 How much trust do you have in each of the following types of people? Your relatives
q25,5,How much trust do you have in your neighbors?,NA,How much trust do you have in your neighbors?,q25. How much trust do you have in each of the following types of people?   Your relatives,"25 Do you think most people would try to take advantage of you if they got a chance, or would they try to be fair?",25 Trust in your neighbors,25 Trust in your neighbors
q26,5,How much trust do you have in other people you interact with?,NA,How much trust do you have in other people you interact with?,q26. Your neighbors,26. How much do you trust your relatives?,26 Trust in other people you interact with,26 Trust in other people you interact with
q27,5,"On average, about how many people do you have contact with in a typical week day?",NA,"On average, about how many people do you have contact with in a typical week day?",q27. Other people you interact with,27. Trust your neighbors,27 Trust in people you meet for the first time,27 Trust in people you meet for the first time
q28,5,How often are you asked to help influence important decisions in other people's favor?,NA,How often are you asked to help influence important decisions in other people's favor?,"q28. On average, about how many people do you have contact with in a typical week day?  We are interested in contact on a one-on-one basis, including everyone with whom you chat, talk, or discuss matters.  This can be face to face, by telephone, by mail,",28. Trust other people you interact with,28 How many people do you have contact within a typical week day?,28 How many people do you have contact with in a typical week day?
q29,5,And are there people you could ask to help influence important decisions in your favor?,NA,And are there people you could ask to help influence important decisions in your favor?,"q29. If you have a difficult problem to manage, are there people outside your household you can ask for help? (NEW)",29. How many people do you have contact within a typical week day?,29 Which of the following best describes your relations with most of your social contacts?,29 Which of the following best describes your relations with most of your social contacts?
q3,5,What do you think will be the state of our country's economic condition a few years from now?,NA,What do you think will be the state of our country's economic condition a few years from now?,q3. What do you think will be the state of our country's economic condition a few years from now? Will it be …,3. What do you think will be the state of our country's economic condition a few years from now?,3. What do you think will be the state of our country's economic condition a few years from now?,3 What do you think will be the state of our country's economic condition a few years from now?
q30,5,"Do you agree or disagree with the following statement: By helping people in trouble today, someone else will help me when I am in trouble someday.",NA,"Do you agree or disagree with the following statement: By helping people in trouble today, someone else will help me when I am in trouble someday.","q30. When people outside your household have problems, do they come to you for help? (NEW)","30. If you have a difficult problem to manage, are there people outside your household you can ask for help?","30 Among these people you have frequent contacts, which of the following best describes the political views of these people?","30 Among these people you have frequent contacts, which of the following best describes the political views of these people?"
q31,5,Would you have a hard time conversing with your friends or co-workers about politics if you had differing opinions?,NA,Would you have a hard time conversing with your friends or co-workers about politics if you had differing opinions?,"q31. If you had friends or co-workers whose opinions on politics differed from yours, would you have a hard time conversing with them? (NEW)","31. When people outside your household have problems, do they come to you for help?","31 If you have a difficult problem to manage, are there people outside your household you can ask for help?","31 If you have a difficult problem to manage, are there people outside your household you can ask for help?"
q32,5,"Generally speaking, how safe is living in this city/town/village?",NA,"Generally speaking, how safe is living in this city/town/village?","q32. In talking to people about elections, we often find that a lot of people were not able to vote because they were away from home, they were sick or they just didn't have time. How about you? Did you vote in the election [the most recent national elect","32 If you had friends or co-workers whose opinions on politics differed from yours, would you have a hard time conversing with them?","32 If you had friends or co-workers whose opinions on politics differed from yours, would you have a hard time conversing with them?","32 If you had friends or co-workers whose opinions on politics differed from yours, would you have a hard time conversing with them?"
q33,5,"Compared to the situation in this city/town/village a few years ago, do you feel more safe, less safe or the same as before?",NA,"Compared to the situation in this city/town/village a few years ago, do you feel more safe, less safe or the same as before?",q33. Which parties (or candidates for president if it was presidential race) did you vote for? [country-specific response grid],33 Did you vote in the last national election?,33 Did you vote in the last national election?,33 Did you vote in the national election?
q34,5,"Have you been a victim of car, motorcycle or bicycle theft?",NA,"Have you been a victim of car, motorcycle or bicycle theft?","q34. Thinking about the national election in [year], did you attend a campaign meeting or rally?",34 Which parties or candidates did you vote for?,34 Which parties or candidates did you vote for?,34 Which parties or candidates did you vote for?
q35,5,Have you been a victim of pick-pocketing/robbery of personal property?,NA,Have you been a victim of pick-pocketing/robbery of personal property?,q35. try to persuade others to vote for a certain candidate or party?,35. Did you attend a campaign meeting or rally?,35. Did you attend a campaign meeting or rally in the last national election?,35 Did you attend a campaign meeting or rally in the last national election?
q36,5,Have you been a victim of break-in at your home?,NA,Have you been a victim of break-in at your home?,q36. Did you do anything else to help out or work for a party or candidate running in the election?,36. Try to persudae others to vote for a certain candidate or party?,36. Try to persudae others to vote for a certain candidate or party?,36 Try to persuade others to vote for a certain candidate or party?
q37,5,Have you been a victim of physical violence?,NA,Have you been a victim of physical violence?,"q37. On the whole, how free and fair would you say the last national election was? (NEW)",37. Did you do anything else to help out or work for a party or candidate running in the last national election?,37. Did you do anything else to help out or work for a party or candidate running in the last national election?,37 Did you do anything else to help out or work for a party or candidate running in the last national election?
q38,5,Have you voted in the last election?,NA,Have you voted in the last election?,"q38. Based on your experience, how easy or difficult is it to obtain the following services?  Or have you never tried to get these services from government?  An identity document (such as a birth certificate or passport)","38.On the whole, how free and fair would you say the last national election was?","38 On the whole, how free and fair would you say the last national election was?","38 On the whole, how free and fair would you say the last national election was?"
q39,5,Which parties (or candidates for president if it was presidential race) did you vote for?,NA,Which parties (or candidates for president if it was presidential race) did you vote for?,q39. A place in a public primary school for a child,39. How easy or difficult to obtain an identity document service,39 How easy or difficult to obtain roads in good condition,39 How easy or difficult to obtain the roads in good condition
q4,5,"As for your own family, how do you rate your economic situation today?",NA,"As for your own family, how do you rate your economic situation today?","q4. As for your own family, how do you rate the economic situation of your family today?  Is it …","4. As for your own family, how do you rate the economic situation of your family today?","4. As for your own family, how do you rate the economic situation of your family today?","4 As for your own family, how do you rate the economic situation of your family today?"
q40,5,Attend a campaign meeting or rally,NA,Attend a campaign meeting or rally,q40. Medical treatment at a nearby clinic,40. How easy or difficult to obtain a place in a public primirary school for a child,40 How easy or difficult to obtain running water,40 How easy or difficult to obtain running water
q41,5,Try to persuade others to vote for a certain candidate or party,NA,Try to persuade others to vote for a certain candidate or party,q41. Help from the police when you need it,41. How easy or difficult to obtain medical treatment at nearby clinic,41 How easy or difficult to obtain public transportation,41 How easy or difficult to obtain public transportation
q42,5,Did you do anything else to help out or work for a party or candidate running in the election,NA,Did you do anything else to help out or work for a party or candidate running in the election,"q42. Generally speaking, how safe is living in this city/ town/ village - very safe, safe, unsafe or very unsafe?",42. How easy or difficult to obtain help from the police when you need it,42 How easy or difficult to obtain healthcare,42 How easy or difficult to obtain healthcare
q43,5,"On the whole, how would you rate the freeness and fairness of the last national election?",NA,"On the whole, how would you rate the freeness and fairness of the last national election?",q43. How interested would you say you are in politics?,43. How safe is living in this city/ town/ village,43 How easy or difficult to obtain help from the pollice when you need it,43 How easy or difficult to obtain help from the police when you need it
q44,5,How easy is it to obtain: An identity document,NA,How easy is it to obtain: An identity document,q44. How often do you follow news about politics and government?,44. How interested would you say you are in politics?,44 How easy or difficult to obtain access to the internet,44 How easy or difficult to obtain access to the Internet
q45,5,How easy is it to obtain: A place in public primary school for a child,NA,How easy is it to obtain: A place in public primary school for a child,q45. How often do you use the internet?,45. How often do you follow news about politics and government?,"45 Generally speaking, how safe is living in this city/town/village?",45 How easy or difficult to obtain childcare
q46,5,How easy is it to obtain: Medical treatment at a nearby clinic,NA,How easy is it to obtain: Medical treatment at a nearby clinic,"q46. When you get together with your family members or friends, how often do you discuss political matters?","46. When you get together with your family members or friends, how often do you discuss political matters",46 How interested would you say you are in politics?,"46 Generally speaking, how safe is living in this city/town/village?"
q47,5,How easy is it to obtain: Help from the police when you need it,NA,How easy is it to obtain: Help from the police when you need it,"q47. Among the political parties listed here, which party if any do you feel closest to?",47. Do you have Internet access at home?,47 How often do you follow news about politics and government?,47 How interested would you say you are in politics?
q48,5,How would you describe the present political situation in our country,NA,How would you describe the present political situation in our country,"q48. How close do you feel to (answer in Q47)? Is it very close, somewhat close, or just a little close?",48. Do you have Internet access on a mobile phone?,"48 When you get together with your family members or friends, how often do you discuss political matters?",48 How often do you follow news about politics and government?
q49,5,How interested would you say you are in politics,NA,How interested would you say you are in politics,"q49. Please tell me how you feel about the following statements. Would you say you strongly agree, somewhat agree, somewhat disagree, or strongly disagree? Most people are trustworthy?",49. How often do you use the internet?,"49 How often do you use the internet, either through computer, tablet or smartphone?","49 When you get together with your family members or friends, how often do you discuss political matters?"
q5,5,How would you compare the current economic condition of your family with what it was a few years ago?,NA,How would you compare the current economic condition of your family with what it was a few years ago?,q5. How would you compare the current economic condition of your family with what it was a few years ago? Is it …,5. How would you compare the current economic condition of your family with what it was a few years ago?,5. How would you compare the current economic condition of your family with what it was a few years ago?,5 How would you compare the current economic condition of your family with what it was a few years ago?
q50,5,How often do you follow news about politics and government,NA,How often do you follow news about politics and government,"q50. For the sake of the family, the individual should put his personal interests second",50. Do you currently use any of the following social media networks?,"50 Do you currently use any of the following social media networks?(E.g. facebook, twitter, telegram, whatsapp, youtube, tumblr, instagram, snapchat, etc.)","50 How often do you use the internet, either through computer, tablet or smartphone?"
q53,5,How much impact do you feel government politics have on your daily life?,NA,How much impact do you feel government politics have on your daily life?,"q53. When dealing with others, developing a long-term relationship is more important than securing one's immediate interest.","53.Among the political parties listed here, which party if any do you feel closest to?",53 How much trust do you have in each of the following types of media?Television,53 Which one is the most important channel for you to find information about politics and government?
q54,5,"Among the political parties listed here, which party if any do you feel closest to?",NA,"Among the political parties listed here, which party if any do you feel closest to?","q54. When dealing with others, one should not only focus on immediate interest but also plan for future.",54. How close do you feel to (answer in q53)?,54 How much trust do you have in each of the following types of media?Newspaper,"54 Among the political parties listed here, which party if any do you feel closest to?"
q55,5,How close do you feel to the party(answer in Q54)?,NA,How close do you feel to the party(answer in Q54)?,"q55. Even if parents' demands are unreasonable, children still should do what they ask.","55 For the sake of the family, the individual should put his personal interests second.",55 How much trust do you have in each of the following types of media? News on the internet,"55 How close do you feel to (answer in Q54)? Is it very close, somewhat close, or just a little close?"
q56,5,"Even if parents' demands are unreasonable, children still should do what they ask",NA,"Even if parents' demands are unreasonable, children still should do what they ask","q56. When a mother-in-law and a daughter-in-law come into conflict, even if the mother-in-law is in the wrong, the husband should still persuade his wife to obey his mother.","56. In a group, we should sacrifice our individual interest for the sake of the group's collective interest.","56 Among the political parties listed here, which party if any do you feel closest to?","56 For the sake of the family, the individual should put his personal interests second."
q57,5,"Being a student, one should not question the authority of their teacher",NA,"Being a student, one should not question the authority of their teacher","q57. Being a student, one should not question the authority of their teacher.","57. For the sake of national interest, individual interest could be sacrificed.","57 How close do you feel to (answer in Q56)? Is it very close, somewhat close, or just a little close?","57 In a group, we should sacrifice our individual interest for the sake of the group's collective interest."
q58,5,"When one has conflict with a neighbor, the best way to deal with it is to accommodate the other person",NA,"When one has conflict with a neighbor, the best way to deal with it is to accommodate the other person","q58. In a group, we should avoid open quarrel to preserve the harmony of the group","58. When dealing with others, developing a long-term relationship is more important than securing one's immediate interest.","58 For the sake of the family, the individual should put his personal interests second.","58 For the sake of national interest, individual interest could be sacrificed."
q59,5,A person should not insist on his own opinion if his co-workers disagree with him,NA,A person should not insist on his own opinion if his co-workers disagree with him,"q59. Even if there is some disagreement with others, one should avoid the conflict","59. When dealing with others, one should not only focus on immediate interest but also plan for future.","59 In a group, we should sacrifice our individual interest for the sake of the groups collective interest.","59 When dealing with others, developing a long-term relationship is more important than securing one's immediate interest."
q6,5,What do you think the economic situation of your family will be a few years from now?,NA,What do you think the economic situation of your family will be a few years from now?,q6. What do you think the economic situation of your family will be a few years from now? Will it be …,6. What do you think the economic situation of your family will be a few years from now?,6. What do you think the economic situation of your family will be a few years from now?,6 What do you think the economic situation of your family will be a few years from now?
q60,5,"For the sake of the family, the individual should put his personal interests second",NA,"For the sake of the family, the individual should put his personal interests second",q60. A person should not insist on his own opinion if his co-workers disagree with him,"60. Even if parents' demands are unreasonable, children still should do what they ask.","60 For the sake of national interest, individual interest could be sacrificed.","60 Even if parents' demands are unreasonable, children still should do what they ask."
q61,5,Sometimes one has to follow one's own beliefs regardless of what other people think,NA,Sometimes one has to follow one's own beliefs regardless of what other people think,"q61. Wealth and poverty, success and failure are all determined by fate.","61. When a mother-in-law and a daughter-in-law come into conflict, even if the mother-in-law is in the wrong, the husband should still persuade his wife to obey his mother.","61 When dealing with others, developing a long-term relationship is more important than securing one's immediate interest.","61 When a mother-in-law and a daughter-in-law come into conflict, even if the mother-in-law is in the wrong, the husband should still persuade his wife to obey his mother."
q62,5,"When dealing with others, securing one's immediate interests should be more important than developing a long-term",NA,"When dealing with others, securing one's immediate interests should be more important than developing a long-term","q62. If one could have only one child, it is more preferable to have a boy than a girl.","62. Being a student, one should not question the authority of their teacher.","62 Even if parents' demands are unreasonable, children still should do what they ask.","62 Being a student, one should not question the authority of their teacher."
q63,5,Open quarrels (criticisms) among politicians are harmful to society,NA,Open quarrels (criticisms) among politicians are harmful to society,"q63. When dealing with others, one should not be preoccupied with temporary gains and losses.","63. In a group, we should avoid open quarrel to preserve the harmony of the group.","63 When a mother-in-law and a daughter-in-law come into conflict, even if the mother-in-law is in the wrong, the husband should still persuade his wife to obey his mother.","63 In a group, we should avoid open quarrel to preserve the harmony of the group."
q64,5,The relationship between the government and the people should be like that between parents and children,NA,The relationship between the government and the people should be like that between parents and children,"q64. In the past three (3) years, have you never, once, or more than once done the following because of personal, family, or neighborhood problems, or problems with government officials and policies?Contacted elected officials or legislative representativ","64. Even if there is some disagreement with others, one should avoid the conflict.","64 Being a student, one should not question the authority of their teacher.","64 Even if there is some disagreement with others, one should avoid the conflict."
q65,5,People should always support the decisions of their government even if they disagree with them,NA,People should always support the decisions of their government even if they disagree with them,q65. Contacted officials at higher level.,65. A person should not insist on his own opinion if his co-workers disagree with him.,"65 In a group, we should avoid open quarrel to preserve the harmony of the group.",65 A person should not insist on his own opinion if his co-workers disagree with him.
q66,5,How often do you use the internet?,NA,How often do you use the internet?,q66. Contacted traditional leaders/community leaders.,"66. Wealth and poverty, success and failure are all determined by fate.","66 Even if there is some disagreement with others, one should avoid the conflict.","66 Wealth and poverty, success and failure are all determined by fate."
q67,5,How closely do you follow major events in foreign countries/the world?,NA,How closely do you follow major events in foreign countries/the world?,q67. Contacted other influential people outside the government,"67. If one could have only one child, it is more preferable to have a boy than a girl.",67 A person should not insist on his own opinion if his co-workers disagree with him.,"67 If one could have only one child, it is more preferable to have a boy than a girl."
q68,5,"Have you traveled abroad before? If you have, how often do you travel abroad?",NA,"Have you traveled abroad before? If you have, how often do you travel abroad?",q68. Contacted news media,"68. When dealing with others, one should not be preoccupied with temporary gains and losses.","68 Wealth and poverty, success and failure are all determined by fate.","68 In the past three years, have you ever contacted elected officials or legislative representatives at any level?"
q69,5,How often do you have personal contact with foreigners?,NA,How often do you have personal contact with foreigners?,"q69. Here is a list of actions that people sometimes take as citizens. For each of these, please tell me whether you, personally, have never, once, or more than once done any of these things during the past three years.   Got together with others to try t","69 In the past three years, have you ever contacted elected officials or legislative representatives at any level-3 categories","69 If one could have only one child, it is more preferable to have a boy than a girl.",69  Contacted civil servants or officials
q7,5,Trust in Prime Minister or president,NA,Trust in Prime Minister or president,"q7. I'm going to name a number of institutions. For each one, please tell me how much trust do you have in them? The president",7 Trust in the excutive office (president or prime minister),7 Trust in the excutive office (president or prime minister),7 Trust in the excutive office (president or prime minister)
q70,5,We should give up gains in the present for the possibility of larger gains in the future,NA,We should give up gains in the present for the possibility of larger gains in the future,q70. Got together with others to raise an issue or sign a petition,70  Contacted officials at higher level-3 categories.,"70 In the past three years, have you ever contacted elected officials or legislative representatives at any level","70  Contacted other influential people outside the government, such as traditional leaders/community leaders"
q71,5,Conflict among political groups is not a bad thing for our country,NA,Conflict among political groups is not a bad thing for our country,q71. Attended a demonstration or protest march,71 Contacted traditional leaders/community leaders-3 categories,71 Contacted civil servants or officials,71  Contacted news media
q72,5,"If a government policy serves the interests of the majority of people, I should support it",NA,"If a government policy serves the interests of the majority of people, I should support it",q72. Used force or violence for a political cause,72  Contacted other influential people outside the government-3 categories.,"72 Contacted other influential people outside the government, such as traditional leaders/community leaders.",72  Signed a paper or online petition?
q73,5,The best way to deal with complicated political issues should be to leave them to the future,NA,The best way to deal with complicated political issues should be to leave them to the future,"q73. Thinking of whether you voted or not ever since you became eligible for voting, how would you describe yourself -have you voted in every election, voted in most elections, voted in some elections or hardly ever voted?",73  Contacted news media-3 categories,73 Contacted news media,73  Used the Internet including Social Media Networks to express opinions about politics
q74,5,Political reform should be introduced little-by-little instead of all-at-once,NA,Political reform should be introduced little-by-little instead of all-at-once,"q74. Let's talk for a moment about the kind of government you would like to have in this country, which of the followings statements do you agree with most? Choose the first or the second statement. [Interviewer: Probe whether respondent strongly agrees o",74 Whether you personally have ever got together with others to try to resolve local problems-3 categories,74 Signed a paper petition,74  Joined a group to activiely support a cause [including online]
q75,5,Cruel criminals should be punished immediately without regard to time-consuming legal processes,NA,Cruel criminals should be punished immediately without regard to time-consuming legal processes,"q75. Let's talk for a moment about the kind of government you would like to have in this country, which of the followings statements do you agree with most? Choose the first or the second statement. [Interviewer: Probe whether respondent strongly agrees o",75 Got together with others to raise an issue or sign a petition-3 categories,75 Signed an online petition,75  Got together with others face-to face to try to resolve local problems
q76,5,"For the sake of the national community/society, the individual should be prepared to sacrifice",NA,"For the sake of the national community/society, the individual should be prepared to sacrifice","q76. Let's talk for a moment about the kind of government you would like to have in this country, which of the followings statements do you agree with most? Choose the first or the second statement. [Interviewer: Probe whether respondent strongly agrees o",76 Attended a demonstration or protest march-3 categories,76 Used the internet including social media networks to express opinions about politics and government,76  Attended a demonstration or protest march
q77,5,The most important thing for political leaders is to accomplish their goals even if they have to ignore the established procedure,NA,The most important thing for political leaders is to accomplish their goals even if they have to ignore the established procedure,"q77. Let's talk for a moment about the kind of government you would like to have in this country, which of the followings statements do you agree with most? Choose the first or the second statement. [Interviewer: Probe whether respondent strongly agrees o",77 Used force or violence for a political cause-3 categories,77 Joined a group to actively support a cause(including online),77  Taken an action or done something for a political cause that put you in risk of getting injured
q78,5,"If possible, I don't want to get involved in political matters",NA,"If possible, I don't want to get involved in political matters","q78. Let's talk for a moment about the kind of government you would like to have in this country, which of the followings statements do you agree with most? Choose the first or the second statement. [Interviewer: Probe whether respondent strongly agrees o","78 Thinking of whether you voted or not ever since you became eligible for voting, how would you describe yourself?",78 Got together with others face-to-face to try to resolve local problems,"78 Thinking of whether you voted or not ever since you became eligible for voting, how would you describe yourself-have you voted in every election, voted in most elections, voted in some elections or hardly ever voted?"
q79,5,Contacted government (administrative) official,NA,Contacted government (administrative) official,"q79. Let's talk for a moment about the kind of government you would like to have in this country, which of the followings statements do you agree with most? Choose the first or the second statement. [Interviewer: Probe whether respondent strongly agrees o",79. Which of the following statements do you agree with most?,79 Attended a demonstration or protest march,"79 In recent years and thinking about election campaigns, has a candidate or someone from a political party or campaign team offered you something, like food, cash, a gift, or a job in return for your vote or support?"
q8,5,Trust in the Courts,NA,Trust in the Courts,q8. The courts,8 The courts,8 The courts,8 The courts
q80,5,Contacted officials at higher level,NA,Contacted officials at higher level,"q80. Over the long run, our system of government is capable of solving the problems our country faces.",80. which of the following statements do you agree with most?,80 Taken an action or done something for a political cause that put you in a risk of getting injured,"80  Over the long run, our system of government is capable of solving the problems our country faces."
q81,5,Contacted elected officials or legislative representatives at any level,NA,Contacted elected officials or legislative representatives at any level,"q81. Thinking in general, I am proud of our system of government.",81. which of the following statements do you agree with most?,"81 Thinking of whether you voted or not ever since you became eligible for voting, how would you describe yourself-have you voted in every election, voted in most elections, voted in some elections or hardly ever voted?","81  Thinking in general, I am proud of our system of government."
q82,5,Contacted officials of political parties or other political organizations,NA,Contacted officials of political parties or other political organizations,"q82. A system like ours, even if it runs into problems, deserves the people's support.",82. which of the following statements do you agree with most?,82 which of the following statements do you agree with most?government leaders vs.their citizens,"82  A system like ours, even if it runs into problems, deserves the people's support."
q83,5,Contacted representative of non-government/civil society organizations,NA,Contacted representative of non-government/civil society organizations,q83. I would rather live under our system of government than any other that I can think of.,"83. Over the long run, our system of government is capable of solving the problems our country faces",83 Which of the following statements do you agree with most? the problem of accountability,83  I would rather live under our system of government than any other that I can think of.
q84,5,Contacted traditional leaders/community leaders (IN: Mass media; TW/HK: Acquaintances in the government),NA,Contacted traditional leaders/community leaders (IN: Mass media; TW/HK: Acquaintances in the government),"q84. Compared with other systems in the world, would you say our system of government works fine as it is, needs minor change, needs major change, or should be replaced?","84. Thinking in general, I am proud of our system of government",84 Which of the following statements do you agree with most? freedom of the press,"84 Would you say our system of government works fine as it is, needs minor change, needs major change, or should be replaced?"
q85,5,Contacted other influential people,NA,Contacted other influential people,"q85. Many things may be desirable, but not all of them are essential characteristics of democracy. If you have to choose only one from each four sets of statements that I am going to read, which one would you choose as the most essential characteristics o","85 A system like ours, even if it runs into problems, deserves the people's support",85 Which of the following statements do you agree with most? political leader,85 Which one would you choose as the most essential characteristics of a democracy: Set 1?
q86,5,Refused to pay taxes or fees to the government,NA,Refused to pay taxes or fees to the government,"q86. If you have to choose only one from each four sets of statements that I am going to read, which one would you choose as the most essential characteristics of a democracy?",86. I would rather live under our system of government than any other that I can think of,"86 Over the long run, our system of government is capable of solving the problems our country face",86 Which one would you choose as the most essential characteristics of a democracy: Set 2?
q87,5,Got together with others to raise an issue or sign a petition,NA,Got together with others to raise an issue or sign a petition,"q87. If you have to choose only one from each four sets of statements that I am going to read, which one would you choose as the most essential characteristics of a democracy?","87. would you say our system of government works fine as it is, needs minor change, needs major change, or should be replaced?","87 Thinking in general, I am proud of our system of government",87 Which one would you choose as the most essential characteristics of a democracy: Set 3?
q88,5,Attended a demonstration or protest march,NA,Attended a demonstration or protest march,"q88. If you have to choose only one from each four sets of statements that I am going to read, which one would you choose as the most essential characteristics of a democracy?",88  which one would you choose as the most essential characteristics of a democracy?,"88 A system like ours, even if it runs into problems, deserves the people's support",88 Which one would you choose as the most essential characteristics of a democracy: Set 4?
q89,5,Used force or violence for a political cause,NA,Used force or violence for a political cause,"q89. On the whole, how satisfied or dissatisfied are you with the way democracy works in [Country].  Are you …?",89. which one would you choose as the most essential characteristics of a democracy?,89 I would rather live under our system of government than any other that I can think of.,"89 To you, what does “democracy” mean? (open-ended) <optional>"
q9,5,Trust in the national government,NA,Trust in the national government,q9. The national government [in capital city],9 National government in the capital city,9 National government in the capital city,9 National government in the capital city
q90,5,"Thinking of whether you voted or not ever since you became eligible for voting, how would you describe yourself-have you voted",NA,"Thinking of whether you voted or not ever since you became eligible for voting, how would you describe yourself-have you voted",q90. In your opinion how much of a democracy is [Country Name] ?,90. which one would you choose as the most essential characteristics of a democracy?,"90 Would you say our system of government works fine as it is, needs minor change, needs major change, or should be replaced?","90 On the whole, how satisfied or dissatisfied are you with the way democracy works in the country?"
q92,5,People often differ in their views on the characteristic that is essential to democracy. If you have to choose only one of the things,NA,People often differ in their views on the characteristic that is essential to democracy. If you have to choose only one of the things,q92. Where would you place our country ten years ago?,"92 On the whole, how satisfied or dissatisfied are you with the way democracy works in the country?",92 Politics is clean and free of corruption,92 Where would you place our country under the present government?
q93,5,"On the whole, how satisfied or dissatisfied are you with the way democracy works in [country]?",NA,"On the whole, how satisfied or dissatisfied are you with the way democracy works in [country]?",q93. Where would you want our country to be in the future?,93. In your opinion how much of a democracy is the country?,93 People have the freedom to take part in protests and demonstrations,93 Where would you place our country ten years ago?
q94,5,In your opinion how much of a democracy is [country]?,NA,In your opinion how much of a democracy is [country]?,"q94. Here is a similar scale of 1 to 10 measuring the extent to which people think democracy is suitable for our country. If ""1"" means that democracy is completely unsuitable for [name of country] today and ""10"" means that it is completely suitable, where",94 Where would you place our country under the present government?,"94 When making laws, the government seek advice from religious authorities",94 Where would you expect our country to be ten years from now?
q95,5,Where would you place our country during the period of [the name of the most recent government under authoritarian rule]?,NA,Where would you place our country during the period of [the name of the most recent government under authoritarian rule]?,"q95. How satisfied or dissatisfied are you with the [name of president, etc. ruling current] government?  Are you …?",95 Where would you place our country ten years ago?,95 Political leaders rule by following their own wisdom rathan than people's preferences to ensure a society's collective welfare,95 Where would you place our country today? Democracy is suitable or not
q96,5,Where would you place our country under the present government?,NA,Where would you place our country under the present government?,"q96. In your opinion, what are the most important problems facing this country that government should address?",96 Where would you expect our country to be ten years from now?,96 Rule by one party that represents the interests of all classes,96 How satisfied or dissatisfied are you with the current president/government?
q97,5,To what extent would you want our country to be democratic now?,NA,To what extent would you want our country to be democratic now?,q97. How likely is it that the government will solve the most important problem you identified within the next five years? [Read out options],97 Whether you think democracy is suitable for our country,97 Qualified candidates are pre-selected by religious leaders,97 What are the most important problems facing this country that government should address? First
q98,5,Which would you think democracy is suitable for our country?,NA,Which would you think democracy is suitable for our country?,"q98. Now I am going to read to you a list of statements that describe how people often feel about the state of affairs in [country name]. Please tell me whether you strongly agree, somewhat agree, somewhat disagree, or strongly disagree with each of these",98 How satisfied or dissatisfied are you with the current government?,"98 If you have to choose only one, which of the following you think is the most essential element of a democracy?",98 How likely is it that the government will solve the most important problem you identified within the next five years?
q99,5,How satisfied or dissatisfied are you with the [name of present] government?,NA,How satisfied or dissatisfied are you with the [name of present] government?,q99. Political parties or candidates in our country have equal access to the mass media during the election period.,99 What are the first most important problems facing this country? 1st,"99 On the whole, how satisfied or dissatisfied are you with the way democracy works in our country?",99 Citizens are able to remove a government they don't like through elections.
q162,4,Impression: International Monetary Fund or IMF,NA,Impression: International Monetary Fund or IMF,NA,"162 Given the chance, how willing would you be to go and live in another country","162 The following is a hypothetical question: If your family were unfortunate enough to lose its main source of income, how serious would it be for your family?","162 The following is a hypothetical question: If you were unfortunate enough to lose your main source of income, how serious would it be for you and your family?"
q163,4,Impression: World Bank,NA,Impression: World Bank,NA,163 Which country has the most influence in Asia?,"163 Considering all the effort that you and your family members have made in the past, do you think the income that your family currently receives is fair or not fair?","163 Considering all the effort that you and your family members have made in the past, do you think the income that your family currently receives is fair or not fair?"
q164,4,Impression: United States,NA,Impression: United States,NA,164 Does the United States do more good or harm to the region?,"164 As compared to my parent's generation, my generation has more or fewer opportunities to improve one's standard of living or social status?","164 As compared to my parent's generation, my generation has more or fewer opportunities to improve the standard of living or   social status?"
q165,4,Impression: China,NA,Impression: China,NA,165 Does China do more good or harm to the region?,165 Will the next generation have had a better or worse life than our generation?,165 Will the next generation have had a better or worse life than our generation?
q166,4,Impression: Japan,NA,Impression: Japan,NA,"166 In ten years, which country will have the most influence in Asia?",166 How proud are you to be a citizen of the country?,166 How proud are you to be a citizen of (COUNTRY)? Are you...
q21,4,q21. Second Organization,NA,NA,q21. Second Organization,21. Name of the organization you belong to. Second,21  Which organization you participate most actively in the last 12 months?,21 Which organization you participate most actively in the last 12 months?'
q22,4,q22. Third Organization,NA,NA,q22. Third Organization,22. Name of the organization that you belong to. Third,"22 Would you say that ""Most people can be trusted"" or ""that you must be very careful in dealing with people""?",22 Would you say that 'Most people can be trusted' or 'that you must be very careful in dealing with people'?
q52,4,"When you get together with your family members or friends, how often do you discuss political matters?",NA,"When you get together with your family members or friends, how often do you discuss political matters?","q52. For the sake of national interest, individual interest could be sacrificed.",52. How often do you use the Internet or social media networks to express your opinion about politics and government?,52 Which one is the most important channel for you to find information about politics and government?,NA
q91,4,q91. Here is a scale: 1 means completely undemocratic and 10 means completely democratic. Where would you place our country under the present government?,NA,NA,q91. Here is a scale: 1 means completely undemocratic and 10 means completely democratic. Where would you place our country under the present government?,91. which one would you choose as the most essential characteristics of a democracy?,91 The courts protects the ordinary people from the abuse of government power,91 In your opinion how much of a democracy is our country?
q157a,3,q157a. Does China do more good or harm to the region?,NA,NA,q157a. Does China do more good or harm to the region?,NA,157a Do you strongly agree or just agree with the chosen statement?,157a Do you strongly agree or just agree with the chosen statement?
q160,3,Impression: The European Community or European Union,NA,Impression: The European Community or European Union,q160. How much influence does China have on our country?,"160 As compared to my parent's generation, my generation has more or fewer opportunities to improve one's standard of living or social status?",NA,NA
q167,3,167 Which country should be a model for our own country's future development?,NA,NA,NA,167 Which country should be a model for our own country's future development?,"167 Given the chance, how willing would you be to go and live in another country?","167 Given the chance, how willing would you be to go and live in another country?"
q168,3,168 How much influence does China have on our country?,NA,NA,NA,168 How much influence does China have on our country?,"168 Under a democratic system, the country endures poor economic performance","168 In order to solve the country’s urgent problems, a leader can govern the country by decrees and disregard the parliament if necessary"
q169,3,"169 General speaking, the influence China has on our country is?",NA,NA,NA,"169 General speaking, the influence China has on our country is?",169 Democratic regimes are indecisive and full of problems,"169 As long as a government can solve our country’s economic problem, it does not matter if the government holds regular elections or not"
q170,3,170 How much influence does the United States have on our country?,NA,NA,NA,170 How much influence does the United States have on our country?,170 Democratic systems are not effective at maintaining order and stability,170This country needs a leader who can break the rules if necessary to get things done
q171,3,"171 General speaking, the influence the United States has on our country is?",NA,NA,NA,"171 General speaking, the influence the United States has on our country is?",171 The citizens in our country are not prepared for a democratic system,"171 As long as the government can maintain order and stability in the country, it does not matter whether it is democratic or undemocratic"
q34a,3,34a Did the respondent vote for the winning or losing camp?,NA,NA,NA,34a Did the respondent vote for the winning or losing camp?,34a Did the respondent vote for the winning or losing camp?,34a Did the respondent vote for the winning or losing camp?
q119_1,2,119_1 Personally witnessed,NA,119_1 Personally witnessed,119_1 Personally witnessed,NA,NA,NA
q119_2,2,119_2 Told about it by family member,NA,119_2 Told about it by family member,119_2 Told about it by family member,NA,NA,NA
q119_3,2,119_3 Told about it by friend,NA,119_3 Told about it by friend,119_3 Told about it by friend,NA,NA,NA
q143a,2,Harmony of the community,NA,NA,Harmony of the community,NA,NA,"143aWhen there is a public health challenge like the coronavirus, is it justifiable for the government to postpone elections?"
q147a,2,A political leader should not tolerate the views of those who challenge his political ideals,A political leader should not tolerate the views of those who challenge his political ideals,NA,chaotic,NA,NA,NA
q156_1,2,156_1 Our country should do more to learn from other countries(q156+q156a),NA,NA,NA,NA,156_1 Our country should do more to learn from other countries(q156+q156a),156_1 Our country should do more to learn from other countries(q156+q156a)
q156a,2,156a Do you strongly agree or just agree with the chosen statement?,NA,NA,NA,NA,156a Do you strongly agree or just agree with the chosen statement?,156a Do you strongly agree or just agree with the chosen statement?
q157_1,2,157_1 Our country should do more trade with other countries(q157+q157a),NA,NA,NA,NA,157_1 Our country should do more trade with other countries(q157+q157a),157_1 Our country should do more trade with other countries(q157+q157a)
q160a,2,160a It is the responsibility of the government to narrow the gap between the rich and the poor,NA,NA,NA,NA,160a It is the responsibility of the government to narrow the gap between the rich and the poor,160a Narrow the gap between the rich and the poor
q160b,2,160b It is the responsibility of the government to make sure that everyone has affordable housing,NA,NA,NA,NA,160b It is the responsibility of the government to make sure that everyone has affordable housing,160b Make sure that everyone has affordable housing
q160c,2,160c It is the responsibility of the government to make sure that everyone has access to basic medical care,NA,NA,NA,NA,160c It is the responsibility of the government to make sure that everyone has access to basic medical care,160c Make sure that everyone has access to basic medical care
q160d,2,160d It is the responsibility of the government to make sure that basic necessitities such as food and shelters are provided for everyone,NA,NA,NA,NA,160d It is the responsibility of the government to make sure that basic necessitities such as food and shelters are provided for everyone,160d Make sure that basic necessities such as food and shelters are provided for everyone
q172,2,172 How close do you feel to ASEAN? (ASEAN countries only),NA,NA,NA,172 How close do you feel to ASEAN? (ASEAN countries only),172 Democracy negatively affects social and ethical values in our country,NA
q173,2,"173 As long as a government can solve our country's economic problem, it does not matter if it is democratic or not democratic",NA,NA,NA,NA,"173 As long as a government can solve our country's economic problem, it does not matter if it is democratic or not democratic",173 Which country has the most influence in Asia?
q174,2,174 Which country has the most influence in Asia?,NA,NA,NA,NA,174 Which country has the most influence in Asia?,174 Does USA do more good or harm to the Asia?
q175,2,175 Does the United States do more good or harm to Asia?,NA,NA,NA,NA,175 Does the United States do more good or harm to Asia?,"175 Generally speaking, the influence the United States today has on world affairs is?"
q176,2,176 The influence of the U.S. on world affairs today is negative or positive?,NA,NA,NA,NA,176 The influence of the U.S. on world affairs today is negative or positive?,176 Does China do more good or harm to the Asia?
q177,2,177  Does China do more good or harm to Asia?,NA,NA,NA,NA,177  Does China do more good or harm to Asia?,"177 Generally speaking, the influence China today has on world affairs is?"
q178,2,178 The infulece of China on world affairs today is negative or positive?,NA,NA,NA,NA,178 The infulece of China on world affairs today is negative or positive?,"178 Generally speaking, the influence the E.U. today has on world affairs is?"
q179,2,"179 In ten years, which country will have the most influence in Asia?",NA,NA,NA,NA,"179 In ten years, which country will have the most influence in Asia?","179  In ten years, which country will have the most influence in Asia?"
q180,2,180 Which country should be a model for our own country's future development?,NA,NA,NA,NA,180 Which country should be a model for our own country's future development?,180 Which country should be a model for our own country's future development?
q181,2,181 How much influence does China have on our country?,NA,NA,NA,NA,181 How much influence does China have on our country?,181 How much influence does China have on our country?
q182,2,"182 General speaking, the influence China has on our country is?",NA,NA,NA,NA,"182 General speaking, the influence China has on our country is?","182 Generally speaking, the influence China has on our country is?"
q183,2,183 How much influence does the United States have on our country?,NA,NA,NA,NA,183 How much influence does the United States have on our country?,183 How much influence does USA have on our country?
q184,2,"184 General speaking, the influence the United States has on our country is?",NA,NA,NA,NA,"184 General speaking, the influence the United States has on our country is?","184 General speaking, the influence USA has on our country is?"
q185,2,185 Which aspect about the Asian power's influence and impact you have in mind when answering the above questions?,NA,NA,NA,NA,185 Which aspect about the Asian power's influence and impact you have in mind when answering the above questions?,185 Which aspect of the major power’s influence and impact you have in mind when answering the above questions?
q186,2,186 How close do you feel to ASEAN?(ASEAN countries only)?,NA,NA,NA,NA,186 How close do you feel to ASEAN?(ASEAN countries only)?,186 How close do you feel to ASEAN? (ASEAN countries only)
q51,2,"q51. In a group, we should sacrifice our individual interest for the sake of the group's collective interest.",NA,NA,"q51. In a group, we should sacrifice our individual interest for the sake of the group's collective interest.",51. How often do you use the Internet or social media networks to find information about politics and government?,NA,NA
q51a,2,From Q51 Which is most important,NA,From Q51 Which is most important,NA,NA,51a You use social media primarily to connect with other people,NA
q74a,2,q74a. Do you strongly agree or just agree with the chosen statement?,NA,NA,q74a. Do you strongly agree or just agree with the chosen statement?,74a Whether you personally have ever got together with others to try to resolve local problems-4 categories,NA,NA
q75a,2,q75a. Do you strongly agree or just agree with the chosen statement?,NA,NA,q75a. Do you strongly agree or just agree with the chosen statement?,75a Got together with others to raise an issue or sign a petition-4 categories,NA,NA
q76a,2,q76a. Do you strongly agree or just agree with the chosen statement?,NA,NA,q76a. Do you strongly agree or just agree with the chosen statement?,76a Attended a demonstration or protest march-4 categories,NA,NA
q77a,2,q77a. Do you strongly agree or just agree with the chosen statement?,NA,NA,q77a. Do you strongly agree or just agree with the chosen statement?,77a Used force or violence for a political cause-4 categories,NA,NA
q79a,2,q79a. Do you strongly agree or just agree with the chosen statement?,NA,NA,q79a. Do you strongly agree or just agree with the chosen statement?,79a. Do you strongly agree or just agree with the chosen statement?,NA,NA
q82a,2,82a. Do you strongly agree or just agree with the chosen statement?,NA,NA,NA,82a. Do you strongly agree or just agree with the chosen statement?,82a Do you strongly agree or just agree with the chosen statement?,NA
